,Unnamed: 0,cenx,ceny,ella,ellb,ellt,ellr,flx_iso,flx_err,collide,em,n
0,0,6371.4316,249.7466,24.826,8.929999999999998,-73.23,18.742,116.04646161590368,0.01677225108672165,-1,33722021.34845476,33651.33121490085
1,1,6614.0068,180.8126,18.24,7.527999999999999,86.65999999999998,20.78,3.0187886570422107,0.008660938235835174,-1,1416342.1215834492,7773.97208156949
2,2,6156.1577,128.2237,14.127,5.189,-78.59,22.203000000000003,2.639221287865684,0.00862491223738323,-1,2319434.4094747417,11638.383028786337
3,3,6717.5981,41.8861,9.4,3.179,-77.29,13.855,0.7285781878572342,0.0048236733258924976,-1,1570716.079863745,11986.137396001819
4,4,6223.5859,32.6964,3.227,2.193,77.23999999999998,14.41,0.25406209994300205,0.0033733010601449194,-1,2312821.9074451798,20849.550631213267
5,5,6473.5513,113.6015,10.793,6.959,-73.0,14.449000000000002,1.2808906659506407,0.0058233163546541535,-1,1098659.090247983,7961.4876448910445
6,6,5993.3726,452.7561,19.317999999999998,7.057,87.62,14.088,12.613830660101314,0.011278686753366914,-1,5960800.9995254595,15976.871564479996
7,7,6602.709,166.1171,7.057,4.329,-63.55,13.657,0.9661364272138404,0.0047586849751983535,-1,2037373.5321638642,13575.892997253546
8,8,6052.1289,282.894,16.472,6.715,86.11,5.888,2.6892011438419186,0.008874023408696497,-1,1566285.1945864125,8629.235786767793
9,9,6426.75,260.3407,7.936,7.175,86.42,9.795000000000002,3.8191996251968257,0.006213683871826771,-1,4321044.118546223,16920.90009529043
10,10,5941.168000000001,461.2302,18.948,8.186999999999998,87.59999999999998,14.86,45.05716152723417,0.015035109322783425,-1,18711800.071274668,27407.58343221117
11,11,6139.8389,348.8845,15.52,9.406,-43.43,12.47,60.34143048108101,0.011839471908667926,-1,26629242.72495668,33196.34255656041
12,12,6410.831999999999,262.9578,11.844000000000001,7.324,70.33,14.398,4.031721134648741,0.006973544231175192,-1,2994219.6557343365,12678.420363728806
13,13,6273.6758,179.6053,5.774,3.736,49.54,7.774,0.7303153423737384,0.0042629430066245255,-1,2181055.331006046,15323.128092251025
14,14,6405.0767,318.7274,14.953,8.072000000000001,-80.83,14.925999999999998,7.131871161646142,0.009641476645736348,-1,3806570.770784322,13162.081777125495
15,15,6098.2563,330.3149,16.137999999999998,5.907,-79.46,14.276,49.72285351718954,0.009346304481924469,-1,33603094.108931765,41483.02954287565
16,16,6119.3345,345.7753,16.576,7.259999999999998,88.32,13.659,72.53520437551553,0.009676643121251776,-1,38830446.67434785,42069.47629000542
17,17,6312.6919,214.6851,6.54,3.112,74.96,9.145,0.4397309141169332,0.0039885052395853965,-1,1391904.9138516127,12420.396266938807
18,18,6606.3442,221.418,7.578999999999998,4.43,87.37,10.176,0.8059163783463631,0.004656465508581926,-1,1546372.9872821427,11551.49571021573
19,19,6088.1094,234.0381,8.043,6.431,12.99,9.136000000000001,2.176916546881592,0.0062500210328848135,-1,2711347.0363080776,13729.458596208855
20,20,6121.0244,262.7737,10.485,3.6660000000000004,-63.79,-14.613,3.4514334804335483,0.004740807153170113,-1,5784669.062501247,21599.019544568364
21,21,6189.9497,226.7494,4.935,3.698,-38.33,5.914,3.1649891726714063,0.003655215656526485,-1,11172698.283251585,36161.84011269423
22,22,6585.1714,273.4514,9.096,3.593,-86.93,12.457,0.9562040913220536,0.0051747285084004025,-1,1884876.2175745007,12839.541114839098
23,23,6138.7793,253.4711,11.91,4.39,-21.34,-0.231,7.8358370249892975,0.005818453801305577,-1,9654927.545425061,25838.38953162858
24,24,6321.4512,322.4897,14.626,7.623999999999999,28.3,7.905,2.152745333619356,0.006089444549802561,-1,1243724.260345737,7673.967240721061
25,25,6398.1587,290.3558,10.659,6.29,44.3,13.710999999999999,8.621750876315533,0.006576634647735018,-1,8284537.502595164,22491.962946802723
26,26,6162.8813,244.7637,5.774,3.563,45.22,8.892999999999999,7.788031481486005,0.0039024126677096155,-1,24387933.523808897,51850.070708052546
27,27,6380.6763,256.224,5.86,2.926,83.45,6.249,12.316088854275955,0.003227497149312841,-1,46274398.44061512,74750.2085340914
28,28,6475.2095,335.8251,9.998,6.025,69.23,16.433,2.974141924093446,0.007991191332366743,-1,3180763.735882519,14314.7300331746
29,29,6475.2822,300.0158,7.332000000000001,5.754,-43.5,14.841,1.3695248241950846,0.00600990042047725,-1,2091305.6027267762,12688.073161265811
30,30,6185.543000000001,252.1795,3.406,1.9580000000000002,36.96,5.593999999999999,2.6846472025862758,0.0021013779984815025,-1,25934017.336634845,70860.72114554186
31,31,6300.0576,281.9409,4.994,2.503,-83.92,7.316,0.4145221520992812,0.003305488016120826,-1,2136378.8147915886,17381.88157128053
32,32,6061.1289,318.8866,8.193999999999999,3.219,87.62999999999998,3.467,0.7708512857292339,0.004613716357427729,-1,1882753.9649667903,13538.718348520322
33,33,6198.3999,340.8299,13.744000000000002,10.225,-15.75,12.296,4.341549822361797,0.007636170101887667,-1,1990252.7474603937,9162.099469411169
34,34,6318.3828,301.895,5.005,4.207,-35.55,6.805,0.8254593028942047,0.0038732896331380366,-1,2525567.4904388385,16589.005189686162
35,35,6109.9248,321.1378,5.9270000000000005,2.572,89.43,6.442,14.472746675090024,0.003227497149312841,-1,61162464.2660179,88501.57850770441
36,36,6047.1802,325.2652,5.627000000000001,3.93,43.63,4.044,0.4007456827655993,0.0040797230676657215,-1,1167452.6973519796,11141.33626638557
37,37,6500.7539,338.0645,5.0,4.96,11.89,12.969000000000001,0.7681918656523599,0.00436789279758381,-1,1995528.4753457408,14154.712301796495
38,38,6023.9526,352.2845,8.891999999999998,4.796,-26.69,10.665,1.146699114031963,0.005938831646398368,-1,1732250.736151308,11516.505579518052
39,39,5915.5928,371.6858,6.852,3.3560000000000003,80.84999999999998,23.1,1.0093872643075428,0.005196562176347155,-1,2827863.357097137,17171.34783848141
40,40,5959.4565,371.8446,8.920999999999998,5.909,-62.85,14.032,1.4341382494540114,0.005991031724084508,-1,1752683.0860493411,10986.385089440617
41,41,6156.9482,366.9963,10.495999999999999,4.515,-11.89,9.401,17.74201995478471,0.0069246636463729605,-1,24119116.360962097,41854.803213593645
42,42,5972.7212,402.6082,10.248,5.853,51.91,9.325,2.114473608325857,0.006674893167406606,-1,2271038.6955921114,12108.57006193335
43,43,6125.3135,412.5611,9.504,4.35,-80.11,7.257999999999999,1.2522361606474262,0.005630552395432892,-1,1951328.8347461256,12318.31518617349
44,44,5992.5845,404.3052,8.642999999999999,4.026,69.85,10.479000000000001,1.357326994984718,0.00488200356197009,-1,2512963.085899234,14594.643324548446
45,45,6147.0195,412.0958,9.855,6.728,-75.11,-39.643,1.7150020344117038,0.00691648415065364,-1,1666333.5335390656,10115.336073706132
46,46,6191.6226,357.926,7.622000000000001,3.0380000000000003,10.79,9.02,1.480146956432747,0.0038439459791777117,-1,4118015.989507608,20685.44356059727
47,47,7230.5762,374.4398,5.93,3.0180000000000002,-41.59,24.574,0.3462095900718741,0.003537147301104365,-1,1246249.7121271868,12136.516634173733
48,48,6205.5259,503.4682,6.436,3.717,-63.98,15.073,0.7759085707579377,0.004716862935579538,-1,2089497.5135870287,14615.167006722262
49,49,6076.1611,439.4782,4.043,1.97,-76.97,9.527999999999999,0.1585106949444688,0.0024264625806894482,-1,1282119.5090783434,15071.509949524956
50,50,6395.209,516.7315,5.531000000000001,2.645,77.07,15.38,0.3607586098431557,0.003769588318372896,-1,1588646.5207343407,14410.9066994868
51,51,5915.7886,578.2365,10.512,5.377000000000001,-72.68999999999998,22.023000000000003,1.7961427849781424,0.007797567850208966,-1,2047176.914404238,11668.266580427673
52,52,6174.7939,550.9435,6.178999999999999,4.279,-71.05,13.161,0.6356552142006232,0.0043222908974548495,-1,1548820.3213070214,12272.142819595625
53,53,7179.5898,550.8412,3.498,2.565,-12.97,10.264000000000001,0.1877122853215203,0.0026064395421592874,-1,1347799.9271403078,14999.297627044329
54,54,7202.7979,655.5363,8.669,4.131,-82.82,17.433,1.0025902742491704,0.006005189622661978,-1,1803595.7177678593,12275.764561156368
55,55,7073.2919999999995,719.9811,15.995,7.335,-28.52,14.289000000000001,11.417327547975823,0.010371314914622624,-1,6269313.738785768,17011.746933466657
56,56,6941.0894,638.7028,4.842,2.248,-13.09,10.967,0.22290388339162076,0.0028353136667669306,-1,1319278.3903739334,14139.95259834628
57,57,7138.1489,708.4798,7.037999999999999,5.172000000000001,87.23999999999998,8.175,0.6979159185907365,0.0047527333527284344,-1,1235194.1652726275,10117.55731351585
58,58,7165.1567,695.3480000000001,5.37,3.5460000000000003,89.65999999999998,6.1129999999999995,0.3992098912634514,0.00380694823521,-1,1350604.4689454662,12440.0131411641
59,59,7059.8467,776.7839,7.317999999999999,5.84,47.21,11.283,0.9878305820904812,0.005813587422187255,-1,1489076.8814806,10671.912349559854
60,60,7031.6855,740.3279999999999,4.186,2.823,12.920000000000005,4.8919999999999995,1.3879408045010857,0.0027232823760057487,-1,7566599.5077268835,33174.76464887741
61,61,7052.2231,740.4989,4.489,2.74,-21.72,5.117,1.245800960881472,0.002914087541116492,-1,6525118.443193663,30500.303420895063
62,62,2065.1868,1102.3018,12.138000000000005,5.419,-46.0,23.947,1.9970824141489765,0.008093262869219615,-1,1956003.4176686818,10981.286838873833
63,63,2261.0557,1132.733,9.717,5.693,-43.9,12.549000000000001,1.387375865835096,0.005995755274465607,-1,1615699.7394966057,10421.901950822632
64,64,2185.7009,1159.0664,10.703,7.075,-27.39,64.218,2.087380782233412,0.007356748632124636,-1,1775863.647552989,10101.40580349539
65,65,2241.2083,1141.6464,7.428,5.228,25.35,10.734000000000002,1.3199632523778673,0.0053627663667274025,-1,2189748.6776380013,13255.016419559732
66,66,2212.4705,1149.5865,7.889999999999999,6.135,-6.68,14.331,1.72631738606707,0.0058765430138891005,-1,2297571.207828415,12849.806850601844
67,67,2285.4551,1122.3751,7.127000000000001,3.182,-9.96,11.722000000000001,0.42423705674377377,0.003995595666183372,-1,1205151.298516166,11248.74456948624
68,68,2097.877,1191.5071,18.17,6.645,-14.78,35.429,4.863083855314051,0.010707042788267023,-1,2594787.2289490476,10866.092553914103
69,69,2159.7214,1186.4658,6.5520000000000005,4.977,73.54999999999998,25.273000000000003,1.1108292069857,0.006075483040738781,-1,2194550.942625529,13861.890157025651
70,70,2053.8418,1213.843,12.446,5.8629999999999995,-38.46,17.084,2.4732798003414045,0.00766945939971385,-1,2183551.6326571116,11305.22765843578
71,71,2224.7205,1146.1393,2.7489999999999997,1.926,-45.9,3.568,0.2044305165394128,0.0018430314189987129,-1,2487451.4296858893,23249.01465311533
72,72,4902.4536,1215.255,8.468,7.02,-73.46,13.628,1.713698722184522,0.006821704530938757,-1,1857190.346088365,10974.474166843318
73,73,1945.9983,1284.4991000000002,11.216,5.112,-83.03,22.72,1.7727418266916581,0.0077026058688028035,-1,1991849.6424619704,11468.485418132666
74,74,4563.1748,1706.9784,6.093,5.149,-26.51,9.844,0.9506814651664433,0.004899366180339053,14,1952184.5121677222,13201.002586469398
75,75,3849.2070000000003,1862.1393,5.86,3.465,-86.26,7.264999999999999,2.114741412208155,0.005331002275773737,-1,6709595.22743789,27285.564865574466
76,76,3320.7593,2085.3472,3.588,2.0340000000000003,-84.73999999999998,4.675,0.2707007551501547,0.0025180591599747357,-1,2389604.2961095353,21030.381527995578
77,77,4141.7109,2383.6228,14.800999999999998,6.035,78.81,15.415999999999999,3.11487924052377,0.008197517645341506,-1,2246532.921780542,10901.827667752326
78,78,4871.3345,2939.0369,16.123999999999995,10.297,5.48,15.133,55.8405526518311,0.015498639585343175,27,21667365.614947725,28996.273164466544
79,79,4838.0864,2964.1628,8.42,4.689,58.22,7.795,2.638250817606501,0.005715377362265796,30,4304905.904729866,18508.394711249493
80,80,4915.019,2934.613,5.834,4.599,-11.74,14.844000000000001,0.713544953161627,0.00443860577507621,-1,1713292.0925277886,12860.067520332692
81,81,4621.0762,4046.427,15.969000000000001,14.68,59.1,15.936,299.0733012230077,0.021951935242201136,58,82189014.71668366,51807.29833337215
82,82,4629.1836,3993.54,7.747999999999999,3.983,-75.09999999999998,7.23,1.9449805312196788,0.005196562176347155,-1,4060273.102363695,19116.687711059185
83,83,4672.0591,4041.5234,6.525,4.803999999999999,81.34,7.777999999999999,6.428735490338108,0.006019313089311721,78,13212407.153562417,34350.265464307246
84,84,4604.1592,4096.501,12.265,5.66,25.55,8.388,9.726569416451554,0.007662074388845345,-1,9026421.569721654,23274.04194622179
85,85,3770.7458,4241.334,17.151,11.263000000000002,-72.81,15.395,17.909282608128322,0.013699316310448606,-1,5972753.131734781,14658.394368564821
86,86,4730.395,4579.5845,16.732,13.142000000000001,83.92,15.526,117.60726089963184,0.01723011921005568,85,34455989.19521829,34085.13620281809
87,87,4721.0859,4689.2427,16.774,6.167000000000001,-85.42,11.07,74.48236814600423,0.012931892404310148,87,46385559.074352905,47752.79026271855
88,88,4214.269,4607.1289,16.427,6.925,-82.09,17.264,10.687304366885105,0.009276384714026302,-1,6052433.81689758,16844.39891645637
89,89,4531.6812,4692.7251,24.509,8.625999999999998,71.77,6.024,7.799192527094905,0.009303807831573578,-1,2376591.2930065873,9040.209428566126
90,90,4796.0469,4744.5488,9.547,4.3580000000000005,-88.9,7.852999999999998,15.741486696323845,0.007739266945032769,93,24374263.637921948,43467.2552246498
91,91,4956.9629,4913.2305,21.897,13.179,-35.72,16.782,60.480624737046654,0.014439692024474997,133,13501720.030410916,19934.84128159472
92,92,5046.1836,4869.7559,18.414,10.921,83.67,16.955,29.892473383116158,0.015285314664244369,125,9576155.978770146,18375.0263848341
93,93,4610.1162,4724.5083,10.595999999999998,6.462999999999999,-55.92,10.06,14.453018455760764,0.007452320186177172,90,13596350.689068792,28661.71377343421
94,94,4709.1201,4770.4961,10.839,7.985999999999998,63.62,10.933,101.81637076330696,0.010228405836232522,89,75777277.23141311,63815.30803097598
95,95,4458.0811,5041.8516,17.090999999999998,7.5729999999999995,-83.25,13.002,19.018615556565933,0.011053064533044315,126,9466367.810325323,20397.072134293434
96,96,4525.5757,4775.063,10.083,4.2410000000000005,-74.93,9.755,17.94810141849566,0.006094090309532137,92,27039607.38279596,45469.5528047246
97,97,4441.7871,4871.2402,15.770999999999999,5.888999999999999,89.18999999999998,15.685,17.002549672931806,0.009358411767917487,100,11793784.075629298,24736.394119407716
98,98,4787.5103,4806.8618,8.818999999999999,5.644,77.15999999999998,7.248999999999999,25.074694293147374,0.008138604617005772,106,32454072.741949435,47958.7679751339
99,99,4553.9961,4747.6338,8.579,5.301,-3.36,6.0889999999999995,16.439460128986443,0.006263594863947557,96,23288042.51234321,41553.04714912958
100,100,4727.7173,4764.7495,7.602,4.619,53.85,9.265,28.503030326361042,0.005523970276048177,89,52294391.44475742,66426.84136947148
101,101,4748.9487,4806.9121,14.552999999999999,9.046,58.48,24.705,17.507487516721095,0.008149032390079811,-1,8567509.97336571,19322.3539494051
102,102,4539.9946,4762.3057,8.04,3.355,86.95,9.609000000000002,9.95293256084851,0.004419432292360281,92,23770723.161340043,47837.56396594487
103,103,4533.2188,4806.4268,6.96,2.736,-89.46,7.212999999999999,6.398502982539867,0.0042629430066245255,101,21646762.393553667,49802.385316533015
104,104,4492.8711,4879.5371,18.214000000000002,8.059,-67.36,33.736,14.383083384783607,0.009156606239527227,-1,6312558.50636868,16140.46670605471
105,105,4761.1689,4887.395,10.96,6.749,83.15999999999998,9.706,109.4453382160174,0.010474513778294309,94,95320693.07944769,74441.6691316988
106,106,4816.9663,4827.2051,6.386,4.217,-81.12999999999998,6.847,10.976999303675711,0.006135751666821575,119,26259776.62450615,50300.50984888279
107,107,4844.5083,4916.3076,15.472000000000001,6.986000000000001,-66.35,16.529,52.8264709668344,0.010302856590767849,110,31485925.74933345,38913.42668724948
108,108,4875.7393,4883.6387,10.203,3.7880000000000003,-53.68,7.751999999999998,9.049225809521943,0.005910163878426697,-1,15083894.096411921,34830.30481794734
109,109,4931.5542,4852.0151,16.023,5.835,35.68,-58.788000000000004,12.671223582590866,0.008145557315892853,-1,8731196.59475128,21248.374514094692
110,110,4886.4507,4946.6113,18.515,12.407,9.82,18.775,234.61737015200316,0.017728897564552128,91,65797526.83586305,46589.94121266826
111,111,4649.8467,4780.7949,3.043,1.746,-71.71,5.13,1.777466652329338,0.002282185151986465,111,21552377.030664433,68374.79577394652
112,112,4974.8091,4855.9893,8.367,5.289,71.32,10.045000000000002,11.575222166465352,0.006380010486838925,113,16851008.79862609,35588.699726024875
113,113,4662.0513,4887.332,10.261,4.874,-81.45,12.828,37.910534371673435,0.007134062052454652,112,48834258.71799791,58759.55510725951
114,114,4868.542,4852.3584,7.837999999999999,4.423,-77.26,11.19,5.603138204681691,0.005212879084318575,-1,10412356.814935884,29735.75526231186
115,115,4513.4502,4852.2026,7.184,3.918,77.53,9.946,7.547182697569909,0.004817802044587267,-1,17274043.701981436,40348.21444129479
116,116,4694.5259,4809.2559,5.38,1.796,-76.51,15.322000000000001,2.434203388144432,0.0027950946246721536,-1,16229612.871929247,51093.650212755514
117,117,4505.874,4836.5415,6.638999999999999,2.781,86.71,8.339,4.898747680896603,0.0037770893775903947,-1,17093119.12981303,44598.44817745324
118,118,4670.0811,4817.6265,4.251,3.6710000000000003,-72.43999999999998,8.107999999999999,10.907699310476573,0.0042362990708490755,-1,45029546.584346026,75494.43110035338
119,119,4699.2861,4863.7437,9.198,5.571000000000001,-29.97,9.649,117.90003430581227,0.007005942124650296,120,148226984.61119226,101751.77597944788
120,120,4537.3037,4818.2241,4.643,2.45,-89.15999999999998,5.843,3.4520545303891628,0.002825313104647987,101,19550271.163234994,53835.67998521596
121,121,4700.9688,4941.7979,10.315,8.926,76.01999999999998,8.986,23.099513135544015,0.00899441910738144,-1,16162800.696687173,29020.960514921328
122,122,4582.1997,4808.4141,2.963,2.445,-50.06,4.994,2.21833688067696,0.0022697475745386136,-1,19726811.318534516,60535.59546844591
123,123,4692.0366,4850.3857,6.476,5.252000000000001,-25.11,8.631999999999998,90.49913172819842,0.005430950510416964,109,171416554.337093,121228.1543685614
124,124,4442.7759,4845.0479,5.835,2.134,-74.61,6.115,3.0462066735631605,0.003093145042590443,122,15760282.42575051,47256.13311533245
125,125,4702.208,4895.9878,11.219000000000001,5.477,-79.29,12.597999999999999,41.117281821134526,0.0078048240601626484,-1,43108946.90410382,52437.80289649985
126,126,4564.5264,4810.6504,2.8560000000000003,1.744,-71.36,3.758,2.811453616110793,0.001903474755233291,-1,36363539.15459877,90259.28810864493
127,127,4530.8545,4873.8379,7.945999999999999,6.147,-19.19,13.312999999999999,11.613425027903402,0.006397734002820698,124,15317519.886753416,33103.680757766146
128,128,4581.7563,4895.5688,8.551999999999998,4.603,61.23,16.472,9.785879049584404,0.005282997792243593,-1,16015152.655050697,35725.09371629205
129,129,5096.2017,5051.4287,14.802999999999999,13.193,-6.39,13.648,60.00346198162136,0.015911376378227142,137,19793514.464415252,26611.731512722312
130,130,4422.6021,4960.3711,11.841,7.559999999999999,-75.0,16.396,9.909658003982374,0.008532523723760288,-1,7131623.314359506,19413.4023725798
131,131,4737.146,4888.0322,7.104,4.995,-21.11,10.145,15.303359544884898,0.00559018924934431,94,27783582.395242024,48291.36842954787
132,132,4655.4932,4855.5288,3.187,2.16,-72.79999999999998,5.587000000000001,3.3102982839495265,0.0022320216590623696,-1,30979272.89332988,76835.45345689476
133,133,4588.6377,4977.5806,11.675,9.076,-83.98999999999998,17.801,38.044614848743784,0.009134940905449343,-1,23130324.27593169,33518.765779700945
134,134,4552.4438,4977.5024,18.64,8.636000000000001,-50.92,28.000999999999998,20.03402585771201,0.009261116066965587,-1,8017696.164231207,17775.4319855796
135,135,4454.6758,4996.8774,15.835,10.65,36.62,20.52,17.200188938067466,0.011607681272256408,-1,6570606.335242816,15905.44438120682
136,136,4859.8745,5028.1792,13.158,6.416,-64.65000000000002,10.482999999999999,63.211790749244614,0.009746596045821085,127,48237385.70000491,51234.59695223725
137,137,4771.627,4911.9614,4.612,2.3819999999999997,-80.96,5.292999999999999,7.068251161264881,0.002914087541116492,128,41449645.77858478,79074.71766961052
138,138,4840.1655,5021.7407,14.082,5.212000000000001,-63.51,12.058,36.311796204619796,0.008348069336429747,136,31872702.669243246,43129.78180981397
139,139,4619.8975,5061.3237,14.559000000000001,9.892000000000001,-51.02,16.469,71.78951084154069,0.011398516238129288,131,32113322.924214765,36578.316380569704
140,140,4413.7827,4940.2529,5.042,3.452,-71.8,6.195,2.2072128175089487,0.0036629513629551393,-1,8169782.358212891,31291.17263729221
141,141,4613.1831,4985.4268,8.144999999999998,5.297000000000001,84.15,11.185,20.547393147510764,0.005675617412540674,-1,30681428.431692608,48327.29912602918
142,142,4616.7021,5027.5059,13.585999999999999,5.718999999999999,-53.73,23.676,16.752650393050626,0.006887775574471333,-1,13890303.166852126,28069.710776894604
143,143,4599.583,4987.7515,3.63,2.388,63.66,5.064,3.8120849687237848,0.002391209387726419,-1,28330975.645867877,69363.42520050093
144,144,4571.3457,5086.0742,14.424000000000001,11.110999999999999,1.44,16.219999999999995,38.236413438732185,0.011175314454800023,139,15370153.104807174,24638.506770285563
145,145,4531.8535,5051.8589,15.773,7.957999999999999,45.51,1.683,5.720770422352638,0.00707429460220873,-1,2936136.132572479,11447.04885676934
146,146,5078.2139,5247.9414,17.285,11.977,-84.92,17.586,23.648549351951647,0.011896713075624177,142,7359138.5264753075,15991.68154818507
147,147,4531.5103,5095.5664,9.786,8.651,-28.49,2.943,5.0824063081197455,0.00722082540929276,138,3867566.269915973,14497.26252020568
148,148,3969.1328,5179.3555,16.817,8.707,30.91,18.041,8.333073594277662,0.01117024786039827,-1,3666300.4723428874,12308.206171635631
149,149,4761.8872,5190.978,8.013,6.515,73.62999999999998,8.505,4.375617026703222,0.007205127000763788,143,5399700.189092215,19330.470950121413
150,150,5023.8911,5237.4502,14.15,8.13,-69.72,16.506,12.285114147146778,0.008598616446654762,-1,6879741.442389808,17908.504242935614
151,151,5071.5498,5206.1587,11.375,8.425,10.6,14.954,13.663315817128307,0.008065234004795712,-1,9184905.619480936,21659.18059438764
152,152,4735.4756,5192.8799,6.5329999999999995,6.027,73.83,9.683,6.5727502161851215,0.006645142706596505,-1,10754078.059721207,29273.060614587226
153,153,5058.6484,5219.0698,12.148,5.114,-49.24,13.69,9.472942561580114,0.0056855835427318925,-1,9823342.87849235,24963.086234663304
154,154,4726.4263,5318.543000000001,7.737,4.145,75.45,5.727,5.6429007049199775,0.006433030554507529,144,11335617.489698632,31636.127016900187
155,155,6853.6362,5469.8677,16.89,5.995,-88.29999999999998,14.107000000000001,3.5222127712682334,0.007352899907759045,-1,2240973.167574739,10552.336241004992
156,156,6797.938,5471.5996,15.862,10.061000000000002,-14.93,8.374,3.937788285304552,0.009141136101926496,151,1589619.4725342316,7931.983746399342
157,157,6830.7764,5491.0444,6.8660000000000005,4.515,-85.95,7.827000000000001,1.3509035275793215,0.0043872907254582354,-1,2807389.6086286977,15878.00585543954
158,158,4869.0864,5612.6626,7.875,6.941,82.59,8.977,7.574445132787809,0.007797567850208966,153,8927258.76152406,24571.17426510258
159,159,4663.6831,5653.6182,14.6,5.6739999999999995,-61.12,50.651,4.529690976471969,0.007955690739626734,-1,3522624.0311172437,13910.976024360814
160,160,4787.332,5727.4326,10.579,7.251,-87.79,9.045000000000002,77.5682212714567,0.011644202070262313,155,65145019.21057247,60983.86984191116
161,161,4638.0796,5895.3706,23.814,12.03,73.21,22.718000000000004,144.93303811197822,0.016573617121451743,163,32591873.460306466,31028.813620609504
162,162,4734.73,6049.4341,17.912,10.635,-59.07,11.440999999999999,141.3517350517093,0.01707168133226207,196,47803475.75054499,41614.46790053143
163,163,4762.166,5800.7974,9.73,4.375,83.08,6.475,23.58824246817139,0.007173629438435839,180,35698058.07696158,52303.960305398476
164,164,4631.4614,5736.0791,10.808,6.229,-40.55,6.164,3.1555573749882,0.007058271003251255,-1,3019620.1876676846,13565.013975620492
165,165,4552.1978,5883.293000000001,20.06,7.4879999999999995,-58.65,17.884,95.60449393005742,0.011258589984885351,174,41003549.05204691,40899.83306030762
166,166,4367.9375,5946.8428,23.151999999999997,9.394,72.06,17.344999999999995,17.442436678454413,0.014026024294285904,228,5166637.496237253,13235.161055502458
167,167,4131.2739,5685.8604,3.315,1.929,-81.12999999999998,3.755,0.3431785602268977,0.0021281481846586077,-1,3457357.5355544374,26145.876703634225
168,168,4887.4946,5748.9141,6.709,4.092,-87.33,6.372000000000001,3.0617775564338947,0.005467313176606654,166,7184890.014471478,26184.646195635512
169,169,4658.8076,5734.6206,6.232,5.012,30.48,20.25,3.3867473655494265,0.005320371736903103,-1,6985286.13674925,24998.70293632376
170,170,4122.0029,5712.9961,3.418,1.607,-78.2,3.4930000000000003,0.41790846842810575,0.0018885440511669067,-1,4901546.675571153,32337.362097986723
171,171,4119.9502,5797.8828,11.095,4.204,-76.34,11.274000000000001,3.3329532171353238,0.005754861856569129,-1,4603404.202815754,18358.071357836954
172,172,4588.3306,5846.3071,14.262,5.92,-48.7,13.370999999999999,68.69038229506576,0.008388659478189994,164,52412358.22684771,53404.311176921474
173,173,4767.9761,5775.1411,6.267,4.707,62.44,6.541,9.078427910001631,0.005764691534306033,-1,19826527.755494636,42722.569021099276
174,174,4826.1035,5872.0566,11.847000000000001,7.309,-52.62,4.5280000000000005,3.2226881567407246,0.00671716664785558,212,2397683.412507428,11350.482775415043
175,175,4758.623,5737.2178,3.361,2.221,-55.09,5.747000000000001,0.6764316709475539,0.0023312697778418764,-1,5837767.150119165,32685.42366387567
176,176,4757.4185,5889.2192,13.325,12.854000000000001,48.11,20.410999999999998,82.30310868357142,0.012192825103537265,157,30956413.001187414,34390.13969088014
177,177,4719.4009,5838.4067,11.009,6.07,79.93999999999998,18.162,37.19479661481842,0.00737979889485097,172,35857956.1291954,46832.09943981309
178,178,4729.041,5780.1743,5.569,4.218,31.22,8.088,2.4204446448772448,0.004601429260256596,-1,6638214.286094995,26169.154284428325
179,179,4823.9814,5829.624,9.882,7.506,-64.54,-51.927,1.743854714587819,0.0058087159420426035,-1,1514595.9676102183,9377.132396329454
180,180,4251.5303,5845.7788,12.523,6.2620000000000005,-54.52,17.698,3.396731349332798,0.007797567850208966,-1,2790484.8028637813,12552.189062929932
181,181,4148.541,5846.126,7.364,4.181,73.73999999999998,10.835,1.1220077236097783,0.005103121576043759,-1,2347695.703602431,14544.788750663087
182,182,4674.9155,5832.2559,6.246,2.423,76.22,23.496,3.6413599937590373,0.0037090276585327398,194,15500586.41065694,44634.453112277864
183,183,4695.3755,5842.2373,6.937,5.531000000000001,-52.54,24.197,10.437490529194953,0.0055034348193022786,197,17525105.75985103,37611.57219576005
184,184,4607.9009,5866.8994,11.703,6.3229999999999995,-23.59,15.399000000000001,54.315651840896656,0.007372123125481688,-1,47287299.73926357,52426.656674536636
185,185,4800.8823,5901.9312,15.091,5.845,-47.59,22.573,11.762474466737606,0.007094272771828136,-1,8590848.5959684,21385.893566531733
186,186,4744.3608,5855.7192,8.008,4.118,-78.45,4.992,10.785337166141613,0.004858754359216906,-1,21069936.44767048,42831.57192031169
187,187,4479.2773,5896.0684,10.949000000000002,5.6129999999999995,-68.91,11.831,7.580599521054326,0.006957288535519726,-1,7946464.7599805305,22512.804944887033
188,188,4802.2852,5935.0737,13.489,5.725,-76.21,16.179000000000002,20.40749750042481,0.008211318472075914,205,17024501.825480934,31123.13932754534
189,189,4780.5547,5866.8081,5.961,3.623,55.29,8.771,5.4336170719307,0.004302598385309896,-1,16208449.750277799,41759.84496585319
190,190,4458.6768,5905.2109,9.142999999999999,4.928999999999999,-65.18,13.674000000000001,4.79358109631832,0.006009901695733833,-1,6852553.693594767,22591.722313642545
191,191,4721.0708,5859.0747,4.551,2.542,80.67,7.437,6.070496787501714,0.00284527979695815,-1,33805063.64750773,70494.50830653997
192,192,4819.8608,6037.8623,15.124,9.97,87.26999999999998,13.094000000000001,5.937259255032307,0.009016421109197065,-1,2536670.6977704754,10163.109189054372
193,193,4559.7886,5855.8755,4.418,1.935,-33.15,4.919,8.716334106516731,0.0024147684778291173,-1,65685134.57693453,105984.38375705735
194,194,4432.4077,5925.9561,7.691,6.148,-51.05,9.86,3.5310974838776032,0.005764691534306033,-1,4810973.262595314,18703.47511918656
195,195,4585.0532,5871.3682,3.886,2.7110000000000003,-41.78,5.665,8.444557799965006,0.0026388183067856553,-1,51639794.44289061,89190.61861156113
196,196,4404.6143,6044.146,19.06,8.134,54.01,19.629,11.581496428850608,0.01131877061826396,255,4812575.095237056,13901.670664876776
197,197,4762.2114,5908.269,7.631999999999999,3.733,73.09,11.302,13.852143059279792,0.004222913977760525,-1,31322796.03950453,54167.797288725196
198,198,5436.8345,6068.4214,12.335999999999999,9.833,-50.1,12.827000000000005,25.282484600678696,0.011707235452615684,246,13427626.656973816,24689.911373014325
199,199,4680.0166,5922.2417,5.54,4.322,-42.7,8.654,20.54349086236872,0.0044258328051471965,189,55273838.08452929,75152.97571680715
200,200,4475.373,5924.2402,6.447,4.37,-24.3,9.871,5.9267294614316794,0.004674665970525506,217,13552390.352429714,35730.01318748648
201,201,4597.1104,5997.4849,11.238,8.464,56.37,13.36,27.019817653104287,0.008276556773060202,210,18300275.903662305,30630.04608695005
202,202,4457.9023,5940.0649,6.925,5.381,-84.65999999999998,4.1530000000000005,3.1722288042895195,0.004962513060528254,-1,5484305.520577881,21194.595380036633
203,203,3064.5745,5996.3081,13.005,5.465,-72.23999999999998,8.685,1.354415584207168,0.005513713387356179,-1,1227697.369919288,8533.07443781452
204,204,4575.2231,5926.2778,4.0680000000000005,3.133,-60.1,15.76,3.6191156931927617,0.0035211058485547365,-1,18293678.12501747,50617.440859832124
205,205,3138.9622,5982.1064,14.462,7.025,60.64,19.222,2.9178023635409347,0.005695531819330959,-1,1850210.2902727013,9580.250759869397
206,206,4591.3125,5930.2036,9.527000000000001,3.633,5.58,22.905,9.358294444311909,0.00534690727586905,-1,17418672.286577515,38475.75367006357
207,207,4792.3955,5970.2046,7.312999999999999,5.031000000000001,-48.59,10.889000000000001,14.716894547784705,0.005774503358450788,208,25769511.938433323,46089.3545464719
208,208,4797.9204,6019.6621,13.305,6.077000000000001,-60.57,11.865,12.835929346486823,0.007314301716780463,-1,10227349.767580356,23847.372072863203
209,209,4626.2549,5945.7793,5.978,4.34,-52.66,9.814,8.36429060015749,0.0046075772722402,211,20769372.66375712,45152.861837239056
210,210,4784.1606,6000.8247,13.002,4.5280000000000005,-51.22,44.063,11.935049839003375,0.0063399546775866926,-1,13060131.899394633,29172.90237871562
211,211,4805.5918,5971.0,7.304999999999999,3.55,-78.12999999999998,8.814,8.047454377524314,0.004269578166622596,208,19991705.98234211,44304.49460993408
212,212,4667.8804,5926.5913,3.075,2.697,-40.54,4.792,7.4262641436861925,0.0024381005722601532,189,57687833.889455825,100079.60936564025
213,213,4514.0571,5977.9937,11.547,4.888999999999999,-58.14,-0.461,5.051700680129447,0.005764691534306033,-1,5764854.003060997,19586.50095003343
214,214,4533.8472,5970.5386,6.346,3.42,-52.06,6.522,2.275685169186127,0.0040308616117122244,237,6755008.68020301,26925.663529499594
215,215,4466.8389,5997.5596,19.792,8.021,25.24,46.123999999999995,5.754322423034786,0.007375961647794622,245,2335156.004967372,9626.388889019945
216,216,5233.7095,6005.4673,9.642000000000001,5.47,-21.68,6.486000000000001,8.829635552833953,0.007851831293045378,238,10785200.6900524,27249.623379263663
217,217,4516.2446,6008.3037,8.990999999999998,5.852,-32.7,11.729000000000001,21.573298810329746,0.0065981188953782,-1,26414606.772443373,42670.62443569847
218,218,4920.4995,6059.0449,9.305,6.222,72.12,12.982000000000001,2.4311529743994043,0.006977602097620293,-1,2705240.050568649,13332.95183802657
219,219,4399.8945,5991.4312,5.297999999999999,2.927,84.54,23.89,0.9317459453287846,0.0035848406220284103,-1,3870817.9041698626,22169.336920116737
220,220,4522.583,6026.0962,11.614,8.304999999999998,11.64,11.592,31.01264601250391,0.00961501762216534,-1,20713680.33014793,32473.81201800548
221,221,4848.0542,5974.4336,7.402999999999999,2.803,-38.47,9.042,0.9586232530588094,0.003821789671315619,-1,2976165.090647476,18074.06332310161
222,222,3123.1021,5985.771,4.271,3.983,-57.52,7.99,0.7160846266454164,0.0036783743160623203,-1,2711841.9731615926,18131.43685722714
223,223,4350.9092,6039.4365,12.955,5.8629999999999995,-16.18,16.396,3.0193599719911126,0.007030142668813925,-1,2560928.7033458343,12121.166536996034
224,224,3980.9189,6180.2993,18.820999999999998,8.676,-52.12,12.103,8.176227236698843,0.010814891237438031,-1,3225749.3694097763,11234.655330510963
225,225,4608.6992,6042.3052,14.164000000000001,6.8870000000000005,-8.41,16.035999999999998,38.872167102740974,0.009060266981012102,243,25672174.61106729,36050.586194959295
226,226,4386.0308,6012.3447,5.2139999999999995,4.17,44.89,7.562999999999999,2.03806405968001,0.004107382107680736,249,6038800.116043515,25446.822418441447
227,227,4589.4863,6013.8989,5.143,4.1819999999999995,-87.83,11.050999999999998,6.65279297083414,0.0039528605428515795,247,19927066.129489366,46350.72642910586
228,228,3035.8757,6092.4907,10.923,4.552,74.01,10.892999999999999,12.276851759749606,0.0063933075872232925,265,15906796.713270321,33584.61088264495
229,229,3086.2947,5999.6782,3.028,2.541,-32.06,14.140999999999998,0.42614012214164415,0.0027439912676468525,-1,3568057.1031226832,25360.67253273099
230,230,4038.7776,6104.0796,12.71,6.195,-56.53,10.769,3.0089347494302405,0.007306558358812311,-1,2461873.9600446145,11777.990351201473
231,231,4540.3765,6063.915,16.385,6.987,10.15,-17.259,6.785344415262232,0.007595285375856895,258,3818340.1476889737,13357.894584636117
232,232,3115.0366,6136.9883,21.348000000000003,11.427,11.02,14.189,16.832953300042448,0.01393287955350962,267,4445399.569425136,11929.384819728835
233,233,3180.1621,6031.561,6.7139999999999995,3.055,53.85,6.864,6.493434357788052,0.003296913190860973,-1,20394910.751231983,47451.26217415082
234,234,3006.2793,6110.085,12.524000000000001,12.029000000000005,-13.99,22.037,4.493999095244606,0.008568937400213273,-1,1921765.103165152,8847.93671450394
235,235,3928.9587,6231.8809,13.720999999999998,9.712,-83.17,12.219000000000001,31.020539850748772,0.01381862931629512,274,14996669.467911832,25486.418046337094
236,236,3050.4148,6109.46,10.369000000000002,5.4479999999999995,78.82,10.814,12.241122896081352,0.006784256621397471,261,13960056.975311475,30474.395825823576
237,237,4633.9805,6146.5283,13.886,4.906000000000001,-66.82,41.461999999999996,3.7728657277895854,0.007263818134454191,-1,3567849.698079338,14701.515336618715
238,238,4034.3711,6149.3716,12.352,7.352,-48.11,13.58,5.426275419785997,0.008555714264710683,-1,3849452.4376710197,14211.790141046826
239,239,4681.6221,6086.0493,11.927,4.823,17.559999999999995,27.162,4.02271782317721,0.006070821977930217,250,4505168.040496533,17233.694070754562
240,240,4641.9438,6042.7666,3.8989999999999996,2.5540000000000003,-32.61,5.58,4.8817191797522215,0.0026388183067856553,243,31581923.048206516,70739.2996255561
241,241,4650.5967,6064.0615,7.4479999999999995,3.358,31.98,10.06,3.945518890706877,0.004722860467286425,253,10163040.900230149,31876.215109672903
242,242,5456.499,6074.2104,6.0520000000000005,2.289,-59.22,6.319,2.1962213810255045,0.003821789671315619,-1,10213422.77004702,37041.15147004891
243,243,4556.3877,6110.644,9.243,6.526,38.24,10.993,4.494178906422719,0.007185457443237317,-1,4799878.460686235,17578.633714260042
244,244,4640.3237,6061.6743,4.7410000000000005,2.5669999999999997,-55.24,7.468999999999999,2.4271104110332917,0.00313856840679787,253,12847943.415252104,42911.910836381925
245,245,4034.9548,6087.7168,6.0760000000000005,4.1080000000000005,-48.88,9.514,1.2433972297493632,0.0043872907254582354,-1,3209235.601497082,17921.47508581915
246,246,4709.4873,6080.8848,5.597,3.955,-9.31,8.29,3.578918330459885,0.004016792981095521,254,10415734.45951354,33270.130409006684
247,247,3178.855,6158.9614,9.709,7.578999999999998,-60.22,10.648,4.333208369056517,0.007851831293045378,257,3793700.7564848755,14870.307034779642
248,248,4080.3206,6119.855,6.785,3.6630000000000003,-66.7,21.44,1.0541922565981792,0.0043418928663824545,-1,2732580.4522573412,16554.832391789492
249,249,4637.2188,6109.7627,8.045999999999998,4.045,-68.81,28.272,1.8926248722304893,0.004644291909246625,-1,3746328.834942007,18120.21353001733
250,250,4541.2759,6125.5205,7.296999999999999,5.2010000000000005,28.39,9.934,2.6384969421268987,0.0057891904885099404,272,4478837.453063967,19066.011593656553
251,251,3899.2588,6339.9692,20.855999999999998,8.55,-73.40999999999998,11.798,8.563404061902371,0.012331331996205024,285,3093778.4480742686,10762.925244216063
252,252,4038.6636,6124.4517,3.917,3.3760000000000003,85.09,8.974999999999998,0.9295146288866124,0.003083981048789534,-1,4528351.452128163,24952.61481875062
253,253,3074.1492,6131.4248,6.142,3.377,26.06,7.211999999999998,4.609664867265538,0.0038878772931837655,-1,14317539.359943628,39646.876395152896
254,254,3073.0042,6111.9951,3.7739999999999996,1.88,16.39,4.163,0.4086946120948263,0.0022697475745386136,-1,3710898.479285404,26392.747480580187
255,255,3059.0015,6123.0044,3.025,1.9069999999999998,53.2,3.966,1.6245608375900422,0.0019620562168576093,-1,18142612.039674085,61456.22658415147
256,256,3455.3865,6460.103,21.426,8.416,-81.82,15.661,17.167771915743618,0.01453737667868452,287,6133480.847360805,15112.169013278462
257,257,4045.6699,6342.1221,20.955,9.003999999999998,65.6,8.181000000000001,6.702605768198082,0.008638029526589484,-1,2288550.1328956373,9127.13406044576
258,258,4100.8325,6248.8149,12.957,6.207000000000001,49.03,15.202,4.398871330482733,0.0068092452741290044,277,3523667.823646775,14016.382203722998
259,259,4085.2749,6191.9209,5.428999999999999,5.196000000000001,73.78,10.418,1.4521537991931492,0.004551950580117232,-1,3316374.2729078913,17669.307337093287
260,260,4045.2952,6384.4253,15.107999999999999,8.538999999999998,58.65,5.497999999999999,2.4270938326977203,0.007440916841817619,-1,1212027.5259319786,7304.453795194339
261,261,4097.9502,6327.041,11.425999999999998,8.052999999999999,-26.9,9.08,5.613961307296262,0.008324299828990956,-1,3930586.8991693365,14313.660877973825
262,262,4689.6064,6275.4092,10.695,7.899,-64.78,19.599,3.301036095391773,0.007955690739626734,-1,2517313.3355317987,11702.143373392566
263,263,3978.7708,6307.1631,21.045,10.127,-39.26,25.83,10.26272681663384,0.009448716512284832,-1,3102222.436975848,10307.753741416374
264,264,4006.0264,6263.96,9.829,8.326,42.95,15.373,27.62062928675613,0.007691572348852139,279,21743413.920413908,34666.694516477524
265,265,4128.9824,6310.0498,9.475,5.376,-66.69,10.970999999999998,2.773456070982504,0.006593827656978528,-1,3507702.2296507037,15676.053677349826
266,266,4045.0574,6316.7358,18.682000000000002,8.988999999999999,50.23,17.779,11.958378107664664,0.009373523558418568,281,4587514.384128972,13304.238895425546
267,267,4092.9832,6307.7588,7.977999999999998,4.948,85.04999999999998,6.372000000000001,1.6131944756713807,0.0048762011445203065,-1,2632709.31007999,14474.565172931643
268,268,3906.5737,6231.8271,3.662,2.221,-46.92,7.047999999999999,0.3979463670416393,0.002306858816342155,-1,3152082.3256662954,23508.074233004685
269,269,4107.7388,6266.0796,4.378,2.208,-89.71,4.842,0.7983623959806962,0.002825313104647987,-1,5320655.651329197,29251.54920584319
270,270,4027.792,6371.9951,14.699000000000002,7.934999999999999,82.51,7.1739999999999995,1.8730241785594672,0.0065981188953782,-1,1034543.0529181485,6920.709282747384
271,271,3931.9016,6263.3462,3.282,1.858,-83.14,7.33,0.3259401518490567,0.0019475756783648007,-1,3443447.6368389935,26404.96962217529
272,272,4144.4023,6352.6104,6.42,3.7939999999999996,-88.84999999999998,7.631999999999999,2.8085281775108366,0.005163776604871011,286,7428247.011086274,27432.796506288258
273,273,3970.5898,6329.9067,8.359999999999998,5.808,24.63,12.667,3.139060655838665,0.006204567062519407,-1,4164920.620263962,17287.418479325654
274,274,2718.0259,7370.1528,17.165,6.007999999999999,83.09999999999998,15.86,5.912841917249675,0.009448716512284832,304,3693706.99939031,13485.6781453812
275,275,2782.0176,7385.9834,13.294,4.9830000000000005,-67.33,16.219,2.6212490968503475,0.006696063701930525,-1,2549186.666778404,12514.087316111392
276,276,2804.0034,7318.106399999999,6.919,3.332,68.26000000000002,10.013000000000002,0.6506512114040255,0.0039742861286919725,-1,1818192.3469790202,13759.980994553041
277,277,2758.8015,7318.4941,4.726,2.867,66.09,7.831,0.5113541697578303,0.003356476600053716,-1,2431309.782545855,18172.92349814817
278,278,2794.4648,7403.5537,10.78,5.643,-63.93,10.347999999999999,4.945158093698786,0.006754986932318918,305,5237104.9271519445,18323.078279919657
279,279,2732.5613,7395.054199999999,4.8660000000000005,3.063,62.2,4.5889999999999995,0.5380151939714849,0.0034067000300371827,-1,2325494.65319931,17354.531717769965
280,280,3291.1755,8217.0127,3.287,1.891,-79.04,5.6770000000000005,0.16110035848628698,0.002257242408491896,-1,1669725.8852774452,18299.312929808544
281,281,7195.0962,8924.3994,3.449,1.6480000000000001,-79.15,4.7780000000000005,0.14794965755757386,0.002141408302602089,-1,1676885.7286177923,18753.14605480192
