,Unnamed: 0,cenx,ceny,ella,ellb,ellt,ellr,flx_iso,flx_err,collide,cenf_006,cenf_096,cene_006,cene_096
0,0,7030.6929,695.9067,19.711,10.402000000000001,-74.98,16.942,54.44069531548391,0.05192865026447648,-1,23.71258,24.704548,23.71258,0.70501673
1,1,3841.6951,1436.3898,3.805,3.17,-65.99,7.360999999999998,1.0938702221667729,0.011503030718416402,-1,0.19980887,2.3346896,0.18104821,0.46667737
2,2,5087.0825,1447.6462,4.574,3.6010000000000004,45.46,9.751,1.558712682164351,0.01345321603962652,-1,0.33786285,2.7727041,0.33786285,0.4750159
3,3,3823.198,1503.5668,7.4239999999999995,3.406,-68.83,11.99,2.8544173417932788,0.016796725985684737,-1,0.21278961,3.54507,0.20852272,0.46300423
4,4,4396.8647,1478.871,5.004,2.639,-9.31,7.636,1.7054101529599117,0.01397990682242642,-1,0.3393803,2.578649,0.3393803,0.6412821
5,5,3815.8547,1547.1195,3.718,3.055,56.52,8.326,0.9212673911122624,0.010891804435239502,-1,0.0025355208,2.1220882,-0.09688247,0.46126723
6,6,2303.3188,1538.6659,3.0,2.312,-28.67,5.81,0.6864224645338639,0.008720426380835507,-1,0.22286893,1.2857538,0.22244234,0.38148436
7,7,4953.0347,1556.7594,2.9010000000000002,2.224,-36.14,6.836,0.5535770606037577,0.008272922396206249,-1,0.050714288,1.0903417,-0.040256243,0.46678206
8,8,4315.9136,1647.0098,5.127000000000001,3.852,-22.63,12.818,1.590059872493298,0.014142151375062256,-1,0.038729057,2.8626356,0.018292224,0.62467545
9,9,4543.8086,1692.2615,7.599,6.627000000000001,-26.8,12.042,5.791445248593299,0.022989526848211983,-1,1.0983046,5.2302346,1.0983046,0.62561846
10,10,4341.4619,1657.2522,4.303999999999999,3.6439999999999997,-6.08,8.314999999999998,2.4065294243676743,0.01397990682242642,-1,0.09782531,3.493478,0.07975192,0.62467545
11,11,3992.1375,1694.8333,6.98,4.461,-53.46,11.222999999999999,3.8174306156317246,0.019005727697001484,-1,0.42237407,4.893048,0.42237407,0.503122
12,12,3974.0334,1710.6670999999994,7.507999999999999,4.066,-64.6,12.607999999999999,2.6676784038891954,0.017657517372136326,-1,0.22920392,4.0566807,0.22787544,0.5002973
13,13,4284.5591,1680.0123,4.606,3.714,-20.13,6.3839999999999995,3.5867827685835802,0.015204582157601187,-1,0.022280633,4.58178,-0.026103804,0.5861295
14,14,4561.3335,1704.4291,5.95,3.945,17.76,16.547,2.4095341158173658,0.015841436174575604,74,1.6516218,3.9770885,1.6516218,0.58062327
15,15,5361.7681,1768.1141,3.049,2.346,-1.58,7.55,0.5487515437068479,0.00867671427019575,-1,8.857241e-05,1.5706642,-0.16012898,0.60482764
16,16,4804.9062,1901.8569,3.0669999999999997,1.883,55.95,7.392,0.4411047825496878,0.007701671687781522,-1,0.12811711,1.589728,0.09719627,0.52441275
17,17,587.8691,1952.6222,2.812,2.261,54.21,3.8710000000000004,0.6319416978800702,0.008272922396206249,-1,0.08183848,0.80570656,0.05131238,0.0
18,18,3828.0232,2003.0963,3.139,2.641,-21.42,5.291,0.9068633220135212,0.009710653197847693,-1,0.47702295,1.4876268,0.47702295,0.5306113
19,19,3850.2168,2070.3213,2.7230000000000003,2.364,-35.23,7.857999999999999,0.5328350253886199,0.008226832889349285,-1,0.40053585,1.3308775,0.40053585,0.5441563
20,20,4254.2578,2110.8926,5.064,3.272,-56.97,7.524,2.241558685308332,0.013843246075350531,-1,1.2919112,3.468393,1.2919112,0.62958884
21,21,3893.2004,2158.9404,4.945,3.009,-54.76,6.898,1.9337860315610087,0.013282554836672535,-1,0.72975045,2.7914543,0.72975045,0.6112183
22,22,3891.9131,2251.6592,4.907,4.611000000000001,83.82,6.795,6.6437435495933705,0.018250495865427232,-1,0.11530844,6.800782,0.08583333,0.71350145
23,23,3957.6741,2407.5962,9.908999999999999,3.39,-18.3,13.989,3.1122321680833434,0.01845766143380071,-1,0.4163841,3.1203187,0.4163841,0.658564
24,24,3943.4282,2439.8508,3.07,2.555,-70.21,7.176,0.6180984166621295,0.009062535980760691,-1,0.08098132,1.4529681,0.066504,0.62397164
25,25,558.7311,2589.6052,2.318,1.7990000000000002,28.09,3.2910000000000004,0.5092901050471808,0.006866470256843146,-1,0.03730429,0.7397083,0.031067397,0.0
26,26,4188.4204,2814.0474,4.281000000000001,3.502,-46.43,7.961,1.6800495028468123,0.01308063429986475,-1,0.38752753,2.310715,0.30722544,0.58286184
27,27,4872.418,2935.0891,14.413,7.926999999999999,13.9,13.190999999999999,61.02288486146664,0.04461927267378324,78,24.895557,31.811281,24.895557,0.71568197
28,28,4196.8755,2887.9155,4.937,3.7889999999999997,-55.47,8.026,2.736600051504813,0.01532910992546063,-1,0.04906899,3.6941469,-0.013472557,0.5847934
29,29,5047.0,2913.4434,7.4639999999999995,4.416,8.56,12.324000000000002,3.933644525248937,0.01944088081835596,-1,0.02220767,3.7092226,-0.28812772,0.7349917
30,30,4837.4453,2961.8948,9.605,5.035,42.04,12.263000000000005,4.111735750305268,0.022369207419858383,79,5.608377,5.4159684,5.608377,0.71568197
31,31,4226.3823,2941.0149,3.182,2.8,88.82,5.143,0.9974960617650398,0.01001900306863667,-1,0.3960872,1.839181,0.3960872,0.5405283
32,32,4148.9917,3062.3428,6.082000000000001,5.505,77.5,8.232999999999999,10.196200793340852,0.022823539609735308,-1,0.23305418,9.754597,0.22241223,0.5533494
33,33,4259.8208,3049.1348,6.485,3.6719999999999997,-14.39,11.192,2.920483653966937,0.017850265692939786,-1,0.07670218,3.8914242,0.058336034,0.5447499
34,34,5054.4409,3080.3652,3.281,2.823,-27.9,5.489,1.1174491429640907,0.010354931086971202,-1,0.15909085,1.5486467,0.13633777,0.7248169
35,35,5587.2612,3117.1819,6.361000000000001,3.86,52.92,9.559,3.162628399351534,0.016796725985684737,-1,0.0962838,3.5146813,0.08897883,0.7186818
36,36,4307.8047,3134.165,5.096,3.807,-64.56,6.591,3.1436883004414606,0.015501765470400225,-1,0.08306376,4.7363577,-0.008719542,0.5865558
37,37,5091.7944,3244.6059999999998,8.548999999999998,5.922999999999999,-35.28,8.824,28.04300494116024,0.030346575362314644,-1,0.3250989,21.063856,0.26918465,0.57016623
38,38,4466.7886,3221.8643,4.026,3.455,-17.5,5.218999999999999,3.229411620362313,0.013732942270815795,-1,0.007985893,4.293397,-0.23870176,0.5783789
39,39,5062.7935,3245.7512,5.854,4.33,-13.94,7.462999999999999,7.985246911146557,0.019184937334986312,-1,0.14519498,8.602964,0.07712092,0.5719746
40,40,4439.3711,3374.3699,12.251,7.462999999999999,62.15,12.413,38.08145943339228,0.03893061862253569,-1,0.0,22.27588,-0.33854505,0.6115637
41,41,4943.9717,3312.3606,5.3260000000000005,4.2,-17.13,14.232000000000001,2.4086775151847784,0.015254510992421647,-1,0.13002752,3.2877162,0.0021665334,0.6677876
42,42,5054.0913,3380.4617,8.496,5.526,66.84,10.197000000000001,15.502362894431156,0.027479721936465692,-1,0.08804059,12.422736,-0.022006048,0.6377316
43,43,4934.9912,3321.5190000000002,4.0569999999999995,2.867,-46.33,10.335999999999999,1.0144839897975657,0.010391584808398436,-1,0.14082246,2.7122235,0.06924419,0.6677876
44,44,4382.7041,3356.3596,4.856,3.0839999999999996,8.099999999999998,6.064,1.7164352620248768,0.012363338894254727,-1,0.011426012,3.5341964,-0.28828716,0.60763735
45,45,4579.7173,3436.9536,2.469,2.175,23.72,4.0280000000000005,0.4676224145838688,0.007602291078800593,-1,0.10010289,1.2635688,-0.025530875,0.76993424
46,46,4536.8213,3491.5415,4.297,3.8089999999999997,-58.51,11.737,1.4105462511044968,0.012667146585279107,-1,0.17922676,2.4815717,0.16752182,0.78453714
47,47,4487.8154,3680.3228,11.927,5.7170000000000005,40.69,11.196,16.727011872663386,0.0294435425826171,-1,0.23551647,11.755461,0.2113697,0.921921
48,48,4481.1074,3641.4163,8.418,5.781000000000001,-0.5,14.043,3.525732182575503,0.02103774253915437,-1,0.0,3.8623807,-0.33250326,0.921921
49,49,4458.7056,3657.1729,6.151,3.682,-12.52,6.018,2.0939738641138845,0.015154486395477966,-1,0.21693976,4.362977,0.21664366,0.921921
50,50,4646.1968,3694.0779,6.343999999999999,4.334,22.08,16.009,6.143942119573955,0.02253855077568531,-1,0.10955565,4.776651,-0.041960772,1.0804517
51,51,4551.1729,3697.7778,7.312,5.392,-45.74,12.968000000000005,6.610300103767649,0.02103774253915437,-1,0.06641859,5.880696,-0.008335545,1.0511687
52,52,3943.0429999999997,3687.9055,6.046,3.1689999999999996,-72.79,7.662999999999999,2.084304380460285,0.014618096257822918,-1,0.25240198,2.39297,0.2523388,0.61925817
53,53,4666.981,3719.9807,5.47,3.1460000000000004,-78.73999999999998,8.922,1.737694771878573,0.013565795326867304,-1,0.96747917,2.940189,0.96747917,1.219096
54,54,4541.543,3682.9790000000003,5.473,3.253,10.23,8.093999999999998,2.5904780406214,0.013815755784280105,-1,0.01108116,4.1925993,-0.12297715,1.0135034
55,55,4722.6328,3692.2722,3.511,2.637,-16.84,4.46,0.9982990699477936,0.010281228289978623,-1,0.0011101195,1.7291702,-0.42322358,1.0933526
56,56,4523.1509,3717.6455,3.054,2.8480000000000003,24.9,4.511,1.2247737344269225,0.010132214922498444,-1,0.45098642,2.7636912,0.43437654,1.114703
57,57,4750.8647,3801.8203,5.556,4.121,-76.96,6.063,8.380471021680682,0.0199619663580421,-1,1.0974195,9.8074665,1.0974195,1.4075165
58,58,4617.3086,4036.1587,11.350999999999999,9.924,49.31,10.300999999999998,1140.33136191357,0.06586086859219842,81,110.219666,694.2084,110.219666,1.4747261
59,59,4785.9517,3823.0698,4.9319999999999995,4.23,54.0,6.329,4.5232440585060685,0.016637512481441137,-1,0.5715636,7.0012503,0.54498166,1.473387
60,60,4386.0776,3863.9121,10.520999999999999,5.143,-64.23,14.797,5.612101190201512,0.02333426687100278,-1,0.40639105,4.7045455,0.39369133,1.0153873
61,61,4348.5752,3875.302,8.56,6.626,62.1,9.097999999999999,9.633058359006537,0.025001932125114257,-1,0.022001734,7.4005756,-0.5530164,1.0153873
62,62,4990.624,3875.0371,7.417000000000001,7.082999999999999,67.11,11.722999999999999,6.503237324600727,0.024087952428614626,-1,0.017924435,5.700605,-0.18105257,1.3742468
63,63,4371.0918,3846.2952,9.911,4.91,-35.27,13.427999999999999,2.91131495222162,0.01711070745653001,-1,0.33012173,3.286226,0.2151957,1.0153873
64,64,4336.0146,3813.4065,3.69,2.734,31.43,9.454,1.5335049023179903,0.01153603839612544,-1,0.1913135,1.8156046,0.07597771,1.0153873
65,65,4814.4653,3906.0869,6.3660000000000005,4.968,-78.25,7.646,7.871203935029987,0.02295643131402781,-1,0.34801742,7.196189,0.34781355,1.4720218
66,66,4739.8486,3964.615,10.741,5.892,7.23,9.454,35.40673054737332,0.032814762460933594,-1,0.7418416,26.61301,0.7130995,1.5074174
67,67,4769.4932,3856.0469,5.145,4.081,-9.36,6.157,2.8853937777971472,0.01741903975602395,-1,1.7370204,5.8878565,1.7370204,1.473387
68,68,5023.0688,3890.8958,5.949,4.894,13.22,6.785,15.418890457403322,0.022470962789362274,-1,0.14029597,14.669078,-0.16219927,1.2212988
69,69,4846.7993,3942.2881,8.902000000000001,5.9910000000000005,-9.96,8.965,11.347401758358394,0.02756261452075764,-1,0.038578857,8.42468,-0.3172949,1.4760484
70,70,4650.123,3974.0645,15.105,5.242999999999999,-41.22,12.503,21.04076480189909,0.031802664653000766,-1,1.4305367,12.554094,1.4305367,1.4952983
71,71,4771.7256,3987.4177,8.58,4.189,64.39,9.389,6.408861020443612,0.01998100485620433,-1,0.016322436,9.628633,-0.9079969,1.5074174
72,72,4809.9258,3951.6736,4.38,3.897,-22.45,6.76,2.2839063848892045,0.013396574970105577,-1,0.7699552,4.0917788,0.7699552,1.4781653
73,73,5113.1733,3958.813,5.621,4.169,-2.15,9.281,4.878420551978407,0.017914058279536897,-1,0.42068395,4.3062706,0.36834985,1.0627753
74,74,4848.3628,3998.5625,10.045000000000002,5.364,-18.96,9.424,12.07297324392634,0.027837148434266303,-1,0.14591308,9.1374,-0.07775642,1.4555038
75,75,4784.9048,3983.3774,4.53,3.793,-6.99,7.162999999999999,4.1014161287356545,0.014434871578924325,-1,0.30253556,8.363347,-0.3867419,1.5074174
76,76,595.0966,4043.5134,2.637,1.9580000000000002,-30.65,3.932,1.6047116968519266,0.014408505850735652,-1,0.08527857,1.3851471,0.07933175,0.36456162
77,77,5188.5381,4056.8152,9.008,7.394,-36.17,10.796,10.23834554446416,0.026335110207083443,-1,0.016847707,8.815538,-0.40393376,1.0424366
78,78,4672.1738,4039.9961,5.502000000000001,4.202,-35.74,6.321000000000001,5.729397491592415,0.01697685811665851,83,6.9539924,8.080404,6.9539924,1.4747261
79,79,4791.9937,4070.4258,7.871,6.274,-9.51,9.027000000000001,20.506975215908106,0.028896073743447256,-1,0.6018745,16.36229,0.57138324,1.4595783
80,80,5177.2603,4055.6853,5.914,2.74,21.73,5.775,2.114036768776212,0.011503030718416402,-1,0.008156396,8.226833,-0.43101844,1.044917
81,81,4594.7515,4085.4487,3.197,2.024,85.73,3.773,1.351489128517282,0.007450735144929946,-1,8.539493,8.756053,8.539493,1.4622358
82,82,4708.2222,4269.1274,8.888999999999998,5.705,-82.4,13.44,6.625015184788379,0.022873459658908253,-1,0.8533591,6.9197288,0.7553571,1.3083068
83,83,5086.6655,4296.4253,5.105,3.987,-36.51,5.561,6.618413649246569,0.01724352008999488,-1,0.755747,7.483271,0.7374809,1.2264359
84,84,4737.248,4326.6328,7.2379999999999995,5.531000000000001,-21.25,7.945999999999999,7.7631720989423005,0.023657921339760645,-1,0.031081045,8.476698,-0.4935587,1.2242244
85,85,4734.6763,4575.0225,11.802999999999999,9.093000000000002,-61.41,11.815999999999999,154.8806864592634,0.046464408007671834,86,50.008583,83.188805,50.008583,1.2901486
86,86,684.5598,4514.3706,2.98,2.354,-25.37,4.501,0.6717834672206059,0.008763919728852166,-1,0.009574243,1.1227732,-0.13768697,1.444952
87,87,4721.397,4683.4917,7.426999999999999,6.6339999999999995,-70.54,7.687999999999999,132.34927841500672,0.03637577868248894,87,42.855118,109.715645,42.855118,1.3871948
88,88,4752.5396,4738.6733,16.577,6.343,85.92,12.612,21.349791167546623,0.035109863517884775,-1,0.7529976,18.219324,0.6308454,1.4947418
89,89,4711.7354,4765.877,14.302999999999999,11.989,-78.9,10.089,348.85662578982203,0.046357899602863024,100,63.04007,222.46419,63.04007,1.4922781
90,90,4610.4106,4719.1182,12.409,5.87,-49.22,8.634999999999998,13.696815688239385,0.0273549042422383,93,13.165181,15.765761,13.165181,1.3118145
91,91,4889.293,4941.6831,22.018,12.189,-11.11,16.814,472.3772948747682,0.06929857825089873,110,77.96633,159.91011,77.96633,1.627132
92,92,4530.5298,4768.4473,11.347999999999999,7.03,-52.68,10.699000000000002,55.09760696573213,0.03151441634372317,102,46.441166,61.782074,46.441166,1.0287949
93,93,4797.46,4738.1797,7.018,5.5889999999999995,36.82,7.55,27.75375506806609,0.02608850586702089,90,11.993357,30.683119,11.9722185,1.5331783
94,94,4759.2061,4882.5732,18.245,8.701,0.14,9.538,435.47133750741654,0.046863671758932766,131,72.8641,295.60318,72.8641,1.6010472
95,95,555.4333,4678.6538,2.6839999999999997,2.169,-28.83,3.511,0.9985327681716584,0.010786569949320184,-1,0.0026143494,1.1073374,-0.12324765,0.0
96,96,4556.1255,4743.2871,11.655999999999999,6.234,5.57,7.525,42.94694224084199,0.02864497115185768,99,37.572212,57.941883,37.572212,1.0287949
97,97,4905.1533,4762.6357,7.119,6.093,5.87,7.852999999999998,10.376983062230638,0.02370609304507837,-1,3.4012828,12.767408,3.4012828,1.5913754
98,98,4836.3604,4775.3047,6.881,6.662000000000001,7.03,7.485999999999998,39.50899536965881,0.02750737915483888,-1,1.964682,42.808857,1.964682,1.5980135
99,99,4816.8862,4754.978,6.0360000000000005,4.485,74.34999999999998,6.937,14.647879602894426,0.018312891534069658,-1,0.35549757,22.977282,-0.17884417,1.5980135
100,100,4441.9941,4872.3486,16.480999999999998,6.662000000000001,73.47,12.017999999999999,19.785532984671608,0.03433235128421574,97,13.567503,15.28818,13.567503,0.9559843
101,101,4534.7266,4807.6777,10.927999999999999,4.253,62.92,9.544,27.09821397882999,0.02466509039943829,120,47.641724,52.809578,47.641724,1.1643368
102,102,4598.7656,4744.3037,7.766,2.735,-32.6,7.425,10.158536722449544,0.01537863462049546,-1,32.467228,42.076714,32.467228,1.1531793
103,103,4457.9795,4824.6357,10.663,4.115,-66.08,9.009,14.176028831875154,0.024087952428614626,-1,12.076997,17.83402,12.076997,0.9559843
104,104,4887.395,4784.812,6.7010000000000005,4.123,-47.15,6.381,8.460400207066236,0.01912538821613833,-1,6.3263917,18.943611,6.3263917,1.5980135
105,105,4533.0371,4747.792,4.632,2.168,-17.76,4.656000000000001,6.65985027718027,0.009592468667493154,-1,31.792225,41.250248,31.792225,1.0287949
106,106,4788.5757,4802.9204,6.046,5.507000000000001,-14.95,7.8,44.351573994040244,0.02510816817485014,98,23.48083,43.904625,23.48083,1.5623153
107,107,4852.6973,4883.0454,10.668,6.497000000000001,-34.27,9.336,29.613325220819718,0.02708952497343893,-1,22.492691,42.52643,22.492691,1.6517972
108,108,4844.1411,4797.3125,5.65,4.301,38.58,5.882999999999999,11.860887712945178,0.01849881340675496,-1,4.454591,23.279762,4.454591,1.6180313
109,109,4690.165,4845.6533,8.128,5.499,-30.52,7.820999999999999,3432.787060398374,0.031802664653000766,123,98.57827,2964.1287,98.57827,1.4529063
110,110,4844.4805,4911.6118,12.334000000000001,6.01,-46.44,10.522,44.63210850480079,0.030069669323977283,107,35.998898,47.38887,35.998898,1.6309894
111,111,4649.0664,4777.4038,4.129,2.917,-22.99,5.142,22.460279441985602,0.012114801711739152,111,16.773233,58.689556,16.773233,1.3226305
112,112,4659.9834,4878.4395,12.673,7.245,-17.11,7.0329999999999995,565.1270242511922,0.036573842320038207,113,29.93852,440.0257,29.93852,1.4421855
113,113,4975.6772,4852.957,9.08,6.805,66.24,8.679999999999998,23.53210208171669,0.029391847832646388,112,16.636604,29.721304,16.636604,1.5766499
114,114,4688.6738,4821.1123,7.578999999999998,5.581,-0.97,7.683,347.0692736596312,0.023528991962496828,-1,22.858473,367.92346,22.858473,1.4444596
115,115,4817.2983,4796.0679,4.97,3.478,-12.84,6.547000000000001,5.467967371350455,0.015154486395477966,-1,4.292238,13.412759,4.292238,1.6152815
116,116,5065.8672,4863.9521,13.762,8.697000000000001,-1.14,14.015,43.238977164197976,0.037100260747765186,92,6.467199,26.138796,6.467199,1.4471151
117,117,5255.4082,4868.8018,5.68,4.744,-62.97,6.224,16.627988839536258,0.02190545701584676,-1,0.035039946,16.337444,-0.22879219,1.2001483
118,118,4684.2461,4807.7441,3.971,3.3480000000000003,-4.02,5.54,97.49512116800872,0.012576777414953009,-1,16.126013,247.59006,16.126013,1.4253157
119,119,4816.917,4822.4238,4.475,4.073,-29.06,5.332999999999999,13.000078697811466,0.01722145932908794,106,13.94243,20.76917,13.94243,1.6517972
120,120,4700.5898,4859.0718,6.4510000000000005,5.778,-22.64,8.176999999999998,1751.8976496492498,0.024040553860278112,119,112.84827,1918.3912,112.84827,1.5256771
121,121,4972.4077,4890.0811,8.925,6.349,-89.48999999999998,10.53,18.133848823387588,0.024772758509718915,91,17.785791,26.116652,17.785791,1.573779
122,122,4445.2051,4839.9214,4.188,2.273,-54.73,4.78,3.4660688503098416,0.009472808148356314,124,11.50682,15.67179,11.50682,0.9559843
123,123,4781.0781,4849.4546,4.632,3.6260000000000003,1.02,8.455,6.312264583159784,0.01406126191840345,-1,4.620117,15.352914,4.620117,1.6010472
124,124,4532.3213,4871.0845,7.647999999999999,4.3469999999999995,-2.27,7.848,14.099655198038398,0.02134278900647818,127,17.492313,23.52711,17.492313,1.1866043
125,125,5049.1343,4862.5825,4.081,3.5860000000000003,-18.77,5.949,6.362820713212724,0.010926665884573935,-1,12.76327,23.441898,12.76327,1.4471151
126,126,4458.543,5045.4976,15.554,6.879,-80.82,14.847999999999999,21.06314184611653,0.03523958360342482,95,10.504176,9.85815,10.504176,1.2012215
127,127,4860.833,5024.127,13.927999999999999,8.191,-47.84,11.122,126.86826435709841,0.04376750414732825,136,39.701885,70.54666,39.701885,1.6038827
128,128,4771.4312,4910.6426,5.247999999999999,4.619,-32.12,6.5920000000000005,29.03690767309216,0.019283775869515647,137,18.652597,38.02133,18.652597,1.6590892
129,129,594.9286,4869.0781,2.48,1.8769999999999998,-37.39,3.838,0.5334096067360172,0.007992401942481731,-1,0.03885045,1.1399657,0.022988956,0.33766422
130,130,5067.3154,5013.8247,11.055,7.889999999999999,-44.98,11.440999999999999,35.351442467569484,0.03719238704759404,-1,5.6258726,24.831179,5.6258726,1.8266981
131,131,4618.1489,5059.0122,18.891,7.780999999999999,-48.72,15.462,89.43499242597322,0.04379355359220642,139,40.922455,46.89054,40.922455,1.615793
132,132,4964.2231,4906.5171,3.5660000000000003,2.79,-75.75,4.905,3.9335751186335774,0.00951286191537135,-1,20.544355,24.980083,20.544355,1.5419359
133,133,4953.0752,4916.6411,4.048,2.545,-34.72,4.864,4.298447452702058,0.009904499724590373,-1,22.128908,24.733055,22.128908,1.5341055
134,134,5148.5547,5008.9927,6.5089999999999995,5.303,58.33,8.418,9.303394507349278,0.02494103001654916,-1,0.020579694,8.311703,-0.27688965,1.8043461
135,135,4572.0854,4948.04,5.099,2.967,28.0,6.169,5.2363900027953605,0.012394053517962687,-1,16.201218,21.489079,16.201218,1.3324283
136,136,4844.5513,5012.3252,11.305,4.059,-43.53,10.26,33.00052619196365,0.02305559491751515,138,21.164762,34.41264,21.164762,1.6038827
137,137,5098.5923,5048.8003,12.790999999999999,9.597000000000001,-17.219999999999995,13.367,81.24281540180654,0.0442427373926403,129,26.081928,37.319107,26.081928,1.8400728
138,138,4534.5508,5095.5,17.469999999999995,10.392999999999999,-78.11,18.25,11.747675859083405,0.03264049914249899,147,5.8130584,5.052231,5.8130584,1.4614433
139,139,4573.6865,5082.2715,11.189,8.871,-3.26,14.329,38.670809454260024,0.03318348730143684,144,25.097404,28.881449,25.097404,1.4419478
140,140,4591.6143,5053.5806,5.792999999999999,3.08,8.0,8.952,9.531074562667289,0.014088277784508132,-1,32.999363,34.517883,32.999363,1.4597235
141,141,4572.667,5067.3345,4.6819999999999995,2.097,48.16,5.376,3.2936882961374283,0.009062535980760691,-1,25.024342,27.975098,25.024342,1.4419478
142,142,5080.7178,5241.6089,12.434000000000001,6.252000000000001,-61.64,11.208,16.178550255324485,0.030954436742493794,146,16.98142,18.743814,16.98142,1.8483639
143,143,4765.0728,5190.7446,6.888,4.704,64.26000000000002,9.357000000000001,5.608193334187411,0.0200190291386437,149,3.3064456,5.6985254,3.3064456,1.8124677
144,144,4722.2905,5314.2407,14.318,7.389999999999999,24.55,8.699999999999998,124.01187463743824,0.051361747573006274,154,5.0452504,86.550285,5.0018644,1.8229606
145,145,5578.3838,5247.7524,7.434,5.388,-7.18,9.964,5.801828126825013,0.02052544264698194,-1,0.17419426,4.6074376,-0.049497742,1.1714128
146,146,4783.4478,5336.3159,12.722000000000001,7.55,-4.56,12.349,45.349685051131246,0.037090007897116674,-1,0.17106506,28.142466,0.14019789,1.8229606
147,147,4690.437,5302.1162,4.742,3.303,30.87,5.428,3.364753641746393,0.011568949431711831,-1,1.1514864,11.423005,1.1514864,1.743533
148,148,4859.1333,5489.9004,8.892999999999999,8.672,-56.87,9.927,53.46162275655513,0.03930968417016259,-1,0.045331847,34.65115,-0.37381607,1.7597011
149,149,4856.874,5408.3081,6.523,3.614,-32.12,6.97,4.094268125918493,0.018723550270155882,-1,0.96610254,4.5496526,0.9178694,1.7815418
150,150,4853.2832,5440.9087,5.612,4.529,-69.54,7.9479999999999995,4.25158129460488,0.01833364323349705,-1,0.57049316,5.2516584,0.29994753,1.7738916
151,151,6781.8774,5468.7466,9.777000000000001,7.0889999999999995,0.93,18.941,6.941293223893728,0.0321829777625746,156,6.9928737,7.1710057,6.9928737,1.1521966
152,152,4768.5396,5769.2979,12.562999999999999,10.122,76.36,13.667,1654.7907662448722,0.0508034987443371,173,8.742959,881.8156,8.723384,1.5370117
153,153,4866.9844,5606.5864,9.272,7.1739999999999995,83.59,13.187000000000001,16.23520889614046,0.032476998242268684,158,5.2129736,9.262434,5.2129083,1.3181647
154,154,4768.123,5691.168000000001,17.812999999999995,9.82,-65.05,16.458,44.30995638176776,0.039521910271503966,-1,1.3635266,24.328953,1.3590287,1.4777968
155,155,4791.1245,5726.3594,11.43,9.324,-28.38,10.753,292.7048289789188,0.044840293208285864,160,50.47283,181.59203,50.43118,1.516056
156,156,4825.3691,5655.2241,10.261,6.477,-21.96,9.706,22.13365542436809,0.03175480044534602,-1,0.28338668,17.117851,-0.49697676,1.302326
157,157,4763.0288,5873.9766,18.47,12.222999999999999,39.8,15.206,559.1483032616319,0.0646724076960752,176,36.640057,239.97806,36.640057,1.5252498
158,158,599.7642,5645.7026,3.0469999999999997,2.188,50.4,5.956,2.1656647478258257,0.016032304366811134,-1,0.056242205,0.9356297,-0.059000593,0.71947277
159,159,4851.5864,5629.3696,5.143,2.7430000000000003,-58.24,17.893,1.8951379681481617,0.011988604670852098,-1,0.45129934,4.1545157,0.04955594,1.302326
160,160,4712.8047,5728.9629,12.215,7.347,-14.67,5.473,10.87147444689276,0.025454085474407768,-1,1.3631699,18.405142,1.3411379,1.5370117
161,161,4519.1274,5889.2964,22.552,7.907,-53.32,16.782,175.13933534819625,0.05081846070205295,-1,55.709736,71.40319,55.709736,1.7412212
162,162,4642.6377,5724.0391,6.956,4.647,55.98,4.277,2.484593416786068,0.01598480037070446,-1,1.6888118,4.837063,1.686604,1.6112763
163,163,4640.021,5894.0088,15.559000000000001,10.939,70.14,17.811,177.81693714095218,0.04895103618042208,161,67.83123,97.82026,67.83123,1.6312814
164,164,4581.5088,5845.5645,18.03,7.325999999999999,-24.61,11.527999999999999,169.11993681064726,0.037151472287122636,172,67.67645,108.72194,67.67645,1.7398759
165,165,4115.0757,5753.2168,6.622000000000001,3.3710000000000004,-54.84,16.577,3.1811283373211716,0.02160836155952287,-1,6.325041,5.5570545,6.325041,1.2141068
166,166,4891.0352,5743.7524,5.556,5.261,-14.76,7.135,5.802329787298047,0.02009485806233461,168,2.6571512,7.602578,2.6364903,1.3079711
167,167,5138.98,5773.7983,9.493,5.547999999999999,-47.79,14.425999999999998,7.406050463110424,0.02656510967334508,-1,0.03786771,5.802315,-0.45336708,0.9365036
168,168,4793.9019,5816.4795,14.764000000000001,8.378,25.8,13.638000000000005,183.78616963119785,0.03860697293942534,-1,3.6794908,115.92588,3.6794908,1.5016689
169,169,4654.7954,5723.9971,6.765,2.802,7.769999999999999,2.715,1.750676444644843,0.013593795185493527,-1,1.3194953,4.9808235,1.3012705,1.6112763
170,170,4924.4121,5771.2227,6.409,4.997,-88.28,9.346,4.746657803391416,0.018682890293462397,-1,0.5296105,5.960384,0.41336328,1.0964268
171,171,5273.8262,5751.6177,4.7410000000000005,3.577,-27.85,8.788999999999998,1.804379593637197,0.013870683652535873,-1,0.36771658,2.8532426,0.34497866,1.0563306
172,172,4721.3574,5833.7808,11.902000000000001,6.936,84.06,37.183,86.33056630570586,0.029930249883582075,177,59.316105,88.35894,59.316105,1.5252498
173,173,4933.3882,5842.1108,7.530999999999999,5.726,-51.35,8.402000000000001,24.53227776597341,0.026392796768658525,-1,1.0135735,22.615952,1.0133693,1.142513
174,174,4555.9727,5878.9858,15.788,6.026,-45.7,14.628,126.3334819929384,0.032999638841564774,165,73.25606,99.85951,73.25606,1.7398759
175,175,4874.958,5840.6055,7.185,5.47,-68.69,7.793999999999999,13.175413865242747,0.020783169616796868,-1,1.1440566,21.11989,1.1309109,1.3971266
176,176,4618.3008,5812.5444,10.511,3.917,-29.98,14.718,70.52690841543921,0.02245404163225085,-1,48.72292,67.88337,48.72292,1.6179376
177,177,4991.1709,5841.0776,11.484000000000002,5.12,44.21,12.902000000000001,16.070293506660448,0.02703332318629367,-1,0.6946042,11.445918,0.6507458,1.1219467
178,178,3165.8367,6000.4673,19.438,7.977,-81.01,15.454,40.653053603247685,0.041721564053866116,-1,20.424438,22.140652,20.424438,0.86999863
179,179,4642.5078,5794.0537,8.41,3.719,-15.82,12.399000000000001,39.020241012823135,0.017956457814438102,-1,52.026398,66.04131,52.026398,1.6127881
180,180,4762.4956,5794.9492,4.69,3.7460000000000004,-28.43,6.044,209.32367482874835,0.014275948001048672,163,22.598896,410.44394,22.598896,1.5343419
181,181,4675.3193,6012.3345,19.177,6.587000000000001,-35.24,15.774000000000001,118.0437842813694,0.04414809839762252,-1,45.34784,63.04416,45.34784,1.6666392
182,182,4803.0044,5789.0054,4.0760000000000005,2.815,42.8,4.861000000000001,8.75252210833262,0.010572955715671637,-1,2.6697166,61.223373,2.6697166,1.3999465
183,183,5130.2134,5914.4551,10.899000000000001,7.301,-64.36,11.270999999999999,30.454533398963214,0.035508310203926925,-1,0.2140066,20.838554,0.0065821675,1.0354515
184,184,4873.6958,5789.706999999999,2.545,2.209,-85.71,6.604,0.6747279769848287,0.007652142599922936,-1,0.98211324,5.450612,0.9045181,1.3344597
185,185,4957.9297,5834.5957,7.759999999999998,4.7780000000000005,4.28,9.562000000000001,12.63331305670378,0.020892656356112833,-1,0.80067,12.564057,0.7335482,1.142513
186,186,5005.5957,5871.6328,6.702000000000001,4.439,-69.32,6.937,17.508020794042892,0.02125352682773881,-1,0.7451785,19.321558,0.73950094,0.9870311
187,187,5057.7563,5904.7422,10.456,4.019,-88.5,9.085,3.381969996614276,0.01845766143380071,-1,0.4213635,7.046952,0.38177294,0.9845341
188,188,4937.8154,5898.4004,10.129,5.585,38.79,9.132,21.75005648262412,0.029469363600659926,-1,0.8081009,19.089128,0.7792671,1.1710591
189,189,4676.354,5920.6831,12.56,6.375,-19.6,16.044,91.38364904451595,0.03439873563682939,212,48.142048,72.53446,48.142048,1.6767222
190,190,5269.8584,5877.604,8.753999999999998,4.783,-25.73,13.770999999999999,5.69922318520655,0.021590755121905374,-1,0.14357674,5.353024,-0.03587074,1.0905982
191,191,4513.8608,5836.6445,6.295,2.463,-3.67,4.713,1.5821141328818915,0.0147475791308801,-1,4.7063823,0.8960766,4.7063823,1.7398759
192,192,4760.564,5830.3491,2.64,2.148,-25.56,9.275,6.492507413292223,0.008935776658432766,-1,11.55051,54.408546,11.55051,1.5252498
193,193,4673.4263,5965.8105,13.925,5.1080000000000005,86.97,57.379,39.07501952507117,0.03015805293796528,-1,38.049595,42.17482,38.049595,1.6767222
194,194,4679.7974,5834.8628,3.4739999999999998,1.614,23.58,14.11,2.37057328335303,0.007450735144929946,182,41.317116,46.56803,41.317116,1.6179376
195,195,4866.812,5850.2412,3.3739999999999997,2.968,-37.8,5.898,5.179428257140166,0.010318145580831264,-1,0.7174688,19.604624,0.66999227,1.3971266
196,196,4734.8149,6046.7993,10.32,8.746,-20.31,10.499,280.73412067205214,0.04823112265185296,162,81.435036,184.07584,81.435036,1.5040715
197,197,4689.5156,5839.5205,4.512,2.1109999999999998,-2.34,17.953,4.209083360451522,0.01001900306863667,183,44.722126,48.507748,44.722126,1.6145256
198,198,4364.873,5944.2832,8.199999999999998,6.872999999999999,74.72,14.815,9.439993754892573,0.030571277083125507,-1,7.841151,6.7846603,7.841151,1.2773464
199,199,5314.0723,5856.8682,5.211,2.543,-20.65,8.245,1.2373249104650204,0.011861063425895452,-1,0.5694594,2.3932939,0.5693261,1.0736624
200,200,5000.5674,5930.2339,7.231,5.898,-77.84,8.045,8.762836458513727,0.023137907649071168,-1,0.5264696,9.132441,0.517582,1.1000412
201,201,4840.7339,5908.6558,14.328,5.272,-12.2,56.166000000000004,9.460402814066942,0.0241195104744839,-1,2.9348102,15.720817,2.9348102,1.3763863
202,202,5292.0259,5878.4531,5.1770000000000005,3.698,-57.61,11.169,1.8052493727410557,0.014034193338413685,-1,0.039090298,3.452276,-0.3339002,1.0882086
203,203,4876.5889,5904.3022,6.725,4.426,-61.97,6.138,6.528735909379791,0.016774076586394373,-1,2.905449,13.7901125,2.9054399,1.3803548
204,204,5243.1904,5889.7842,7.184,4.885,-25.9,12.546,3.997322898428368,0.01982818730335072,-1,0.056614242,4.197927,-0.1990787,1.0895333
205,205,4802.9546,5936.0801,11.302,7.777999999999999,28.47,13.024000000000001,30.77540281745924,0.031199143382693383,188,18.955856,32.374546,18.955856,1.4196426
206,206,5072.126,5926.3447,7.625,6.28,89.67,11.356,5.682222957267504,0.02253855077568531,-1,0.69685894,8.7998,0.69685894,1.0008255
207,207,4977.8564,5905.4917,7.085,5.074,33.43,9.551,4.7466455034848964,0.019577304352948962,-1,0.25073853,6.9046497,0.17844903,1.1946406
208,208,4800.3384,5966.7480000000005,10.166,8.277999999999999,-61.87,6.482,15.863101581344432,0.028485239294410762,211,24.029846,28.423704,24.029846,1.4321754
209,209,5158.0645,5923.3281,7.058,6.026,-16.87,8.638999999999998,10.740779154478686,0.02367399028906324,-1,0.52574295,11.110057,0.47093573,1.0354515
210,210,4595.9214,5990.5972,11.870999999999999,8.804,48.9,6.7379999999999995,36.411966764597956,0.03227735318816696,201,30.7438,36.70395,30.7438,1.746871
211,211,4627.7959,5943.0752,8.479,7.535,-16.36,14.243,21.172857012267848,0.02443276273658552,209,34.137455,35.278397,34.137455,1.6767222
212,212,4823.771,5880.4282,3.04,2.63,11.18,4.018,1.4301821732976574,0.009904499724590373,174,6.1781306,17.71654,6.1781306,1.3971266
213,213,5211.5874,5895.5864,4.379,3.5580000000000003,-67.43,7.127000000000001,1.78297160634052,0.013368162186046209,-1,0.96375346,3.7212343,0.94052416,1.0815068
214,214,4890.6035,5920.5952,6.7589999999999995,5.904,-16.96,10.709000000000001,3.3053934143199553,0.01818788934124447,-1,1.4394836,7.773018,1.4394836,1.3629514
215,215,4881.2964,5876.4585,3.658,1.886,-22.6,6.148,0.9395160595630068,0.008632780761238652,-1,1.0758736,7.9343405,1.0758736,1.3971266
216,216,4718.873,5893.5415,3.5580000000000003,2.531,83.84999999999998,14.970999999999998,1.58467514913214,0.01001900306863667,-1,29.168047,33.394066,29.168047,1.5199754
217,217,4475.1406,5922.5259,6.492999999999999,5.482,-4.0,8.721999999999998,9.596149853801407,0.019303482076888912,200,15.192608,17.162703,15.192608,1.6001905
218,218,4353.373,5926.7383,5.665,3.759,-85.04,10.825,2.008905074932804,0.0149269644818152,-1,3.7042568,3.1883798,3.7042568,1.2773464
219,219,4832.0713,5893.6157,2.585,2.276,24.8,4.06,0.8211479091754308,0.008272922396206249,-1,3.4539397,15.213813,3.4539397,1.3928745
220,220,3179.4883,6028.7632,20.558000000000003,6.994,57.0,19.711,41.7257108794926,0.0392225305468265,233,20.175848,22.38786,20.175848,0.8604231
221,221,4996.9048,5910.3447,3.148,2.6239999999999997,-31.63,4.5489999999999995,0.7615673377093491,0.008935776658432766,-1,0.60340834,5.3831196,0.5889705,1.1403568
222,222,5087.9971,5932.7827,6.032,3.762,12.05,8.077,3.0812425536082046,0.015254510992421647,-1,0.19989887,7.955295,0.18721972,1.0008255
223,223,4370.5938,5925.2319,3.668,3.469,-22.43,6.401,1.2573605796200549,0.01153603839612544,-1,5.004605,3.8182445,5.004605,1.2773464
224,224,5204.1519,5931.2827,4.092,3.682,-78.01,6.042000000000001,1.7449165741348491,0.013225184558407956,-1,0.1364817,3.3653393,-0.060060326,1.0544825
225,225,4011.8149,6208.0288,22.489,9.221,-51.79,16.305,357.1030981156234,0.057897320473281236,-1,86.42766,139.85786,86.42766,1.1653647
226,226,3046.8911,5955.0703,6.091,2.938,89.08,19.757,1.960112224335866,0.013022367885553773,-1,8.369369,7.321467,8.369369,0.87741107
227,227,4737.2769,5979.4316,10.470999999999998,3.5469999999999997,-37.12,-56.688,14.845416101592868,0.01986650151215804,-1,19.813072,23.801329,19.813072,1.4965928
228,228,4381.7905,5960.396,4.88,3.932,-89.58,6.815,2.277995401241975,0.014565979796771544,166,8.213901,7.202081,8.213901,1.2773464
229,229,3159.3125,5971.8101,7.485,5.0089999999999995,-69.74,8.756999999999998,7.755186823917081,0.01860130677065,-1,13.580237,13.825503,13.580237,0.88060594
230,230,4619.188,5965.7612,4.354,3.835,-60.74,16.437,5.4004154061822245,0.013282554836672535,-1,24.580587,25.580904,24.580587,1.6767222
231,231,4583.0049,5948.231,2.793,1.9469999999999998,-82.65999999999998,9.945,1.2416834701965762,0.008272922396206249,-1,21.35917,17.636108,21.35917,1.7764202
232,232,4824.689,5997.6992,7.312,2.685,-62.33,7.541,3.4509812578345334,0.01367745212111915,-1,9.854106,13.944914,9.854106,1.3559253
233,233,4437.6382,5963.9946,5.362,3.327,19.03,8.649,2.7235832361484875,0.01559957608417045,-1,8.872912,9.656695,8.872912,1.6001905
234,234,4758.9487,5972.8047,5.898,3.64,-15.37,20.578000000000003,8.750989891406231,0.01615045375457562,-1,15.925237,22.017105,15.925237,1.4965928
235,235,4428.0376,6017.4912,8.886000000000001,3.615,55.41,1.999,3.6439861195454006,0.02085622227587344,-1,11.467281,11.50377,11.467281,1.556316
236,236,4321.2197,5971.5757,6.127000000000001,2.454,-47.35,7.152,0.8853920780547451,0.011133497598341894,-1,0.2534568,0.9666564,0.21340765,1.2773464
237,237,4534.1523,5968.4512,3.4339999999999997,2.443,-70.16,15.55,0.9913619226709616,0.008409673635451531,214,12.872183,11.436368,12.872183,1.7764202
238,238,5234.8052,6002.2119,5.131,4.585,-34.62,6.292999999999999,12.157473601713278,0.019712787823258027,216,7.1851788,10.9800005,7.1774607,1.0354086
239,239,4059.1475,6215.2324,15.325999999999999,10.499,81.54999999999998,15.934000000000001,127.6914795291338,0.04876426209992793,-1,51.42257,68.078316,51.42257,1.1660947
240,240,4487.7817,6012.2134,6.358,3.165,89.73,8.402999999999999,2.909628986463739,0.014115240936727738,-1,13.156456,12.26436,13.156456,1.556316
241,241,5544.3623,5998.2964,5.553999999999999,3.8810000000000002,31.38,7.365,3.3357548549978624,0.01600857433287658,-1,0.14182699,3.8605707,0.021930588,0.812777
242,242,5559.1269999999995,6023.105,6.609,4.119,71.11,7.912999999999999,4.988226210299113,0.018250495865427232,-1,0.16491722,5.1452513,0.12117198,0.7882827
243,243,4623.7544,6038.6484,18.723,6.655,0.62,17.748,82.44376948869427,0.03868567476985324,240,34.80501,43.173294,34.80501,1.6666392
244,244,4415.9688,6056.0679,11.235,5.984,70.18,16.430999999999997,3.9781359228231583,0.021783617656126526,196,6.129454,4.5196037,6.129454,1.556316
245,245,4461.8169,5992.29,3.9,2.065,-74.07,6.002000000000001,0.6855212328119068,0.008720426380835507,-1,9.770509,8.507297,9.770509,1.5939995
246,246,5442.0601,6065.4888,10.815,8.458,-13.96,12.190999999999999,32.025688315136485,0.03580688164903314,198,12.029908,16.987614,12.029908,0.97373146
247,247,4587.1016,6010.2773,4.461,4.086,88.79,7.402999999999999,6.774150672768995,0.013815755784280105,227,26.92853,24.71167,26.92853,1.7415549
248,248,4457.1143,6023.7261,7.332000000000001,3.392,36.16,4.678999999999999,3.375159362661641,0.016384195906678094,-1,10.764045,11.122644,10.764045,1.556316
249,249,4388.5938,6015.8984,5.37,4.082,19.43,7.097,2.078417118061344,0.01490146853273039,226,8.881537,7.2957964,8.881537,1.2752999
250,250,4684.0635,6085.4512,11.165999999999999,7.668999999999999,35.68,10.852,14.957020181959633,0.029968335665554045,239,5.7909408,11.614365,5.7909408,1.6666392
251,251,4392.2788,6030.3481,5.591,3.865,13.26,6.995,2.3260678287427874,0.0149269644818152,196,7.661812,6.3709283,7.661812,1.3114471
252,252,4440.1309,6016.5825,2.79,1.786,-31.51,3.072,0.7696529448291743,0.008632780761238652,-1,10.508296,10.952671,10.508296,1.556316
253,253,4644.0762,6059.6875,13.870999999999999,4.815,3.16,12.175,21.68666803581264,0.026778952333828977,244,21.756826,22.893427,21.756826,1.6666392
254,254,4705.2163,6076.1084,6.246,4.8260000000000005,-46.18,7.554999999999999,6.9136456697328095,0.01818788934124447,246,9.566337,12.365694,9.566337,1.5409734
255,255,4401.9424,6037.8374,3.392,2.085,-24.67,5.059,0.7402762873810792,0.008272922396206249,-1,8.367611,6.0253463,8.367611,1.4356307
256,256,4576.0132,6067.3315,6.2860000000000005,3.938,-9.44,3.7,6.288433514278821,0.01656880871788386,-1,17.316807,17.268896,17.316807,1.7402226
257,257,3179.4304,6154.8726,9.792,4.337,-60.4,11.231,4.702539795836529,0.02378614786522337,247,5.630984,6.414273,5.630984,0.7554405
258,258,4546.48,6060.7725,5.4639999999999995,2.8339999999999996,2.01,7.021,3.0034825445937865,0.012637099670782193,231,14.038204,14.876113,14.038204,1.7402226
259,259,4562.4419,6062.1494,3.181,2.832,-1.21,5.345,2.7828687855710594,0.009710653197847693,-1,16.035194,18.040659,16.035194,1.7402226
260,260,3096.6394,6145.2861,9.281,6.3420000000000005,64.15000000000002,14.56,5.141111412638586,0.020892656356112833,232,8.043237,7.6550612,8.043237,0.75484794
261,261,3049.5073,6106.0088,7.692999999999999,5.745,37.4,9.865,13.360852527314794,0.020892656356112833,236,18.381287,21.049137,18.381287,0.76947784
262,262,3090.4045,6082.4331,7.912000000000001,3.9730000000000003,10.0,9.369,4.179164716408305,0.01980899944918075,-1,11.5926285,12.517788,11.5926285,0.83725595
263,263,3210.1575,6105.2471,7.016,4.098,70.34,6.64,2.117695990965675,0.01741903975602395,-1,8.299761,7.255611,8.299761,0.71855927
264,264,3123.301,6136.7061,10.154000000000002,6.671,39.02,12.59,6.577078934824026,0.023850001951353072,-1,7.4839745,9.186823,7.4839745,0.7554405
265,265,3036.6663,6091.6631,4.919,2.5469999999999997,71.31,5.5920000000000005,5.606446747461684,0.011099286286923473,-1,18.415375,19.851183,18.415375,0.8272959
266,266,4838.5674,6095.9443,3.258,2.041,-70.77,4.335,1.1174043361617705,0.01272703834438013,-1,0.24309318,2.2718809,0.12998268,1.31141
267,267,3113.4167,6133.834,8.692,4.183,30.82,7.237,3.210671834215552,0.016173981718617357,-1,8.617407,9.754134,8.617407,0.7554405
268,268,4617.0342,6099.9653,2.475,2.055,-67.91,4.731,0.8377604264896957,0.010056886780715821,-1,3.1903298,0.91217995,3.1903298,1.6142795
269,269,4530.4604,6108.8564,3.403,2.156,-55.93,4.771,0.5577433903677133,0.008763919728852166,-1,1.3374724,1.9562614,1.3374724,1.6203907
270,270,3206.5754,6115.5859,4.914,3.3939999999999997,-31.45,8.925,1.1934766222888034,0.012301672434355941,-1,8.0968,6.701877,8.0968,0.698844
271,271,4559.436,6122.0757,3.2319999999999998,3.082,-22.63,4.618,0.8018701778314049,0.009827423238952526,-1,1.823294,1.4379721,1.783621,1.6067424
272,272,4545.855,6127.7837,4.104,3.554,3.08,4.628,1.0487778863026138,0.01179677005739006,250,2.3139048,1.5532764,2.3136148,1.6067424
273,273,4531.4263,6117.625,2.735,2.44,-86.21,5.452999999999999,0.4727981273906753,0.00813387195300663,-1,1.7535355,1.944124,1.7535355,1.6067424
274,274,3929.1836,6227.0259,10.115,8.052999999999999,-53.34,11.026,33.26432404421056,0.034827158952188346,235,15.333558,20.514555,15.333558,1.0863099
275,275,4040.7224,6276.6230000000005,17.94,10.552999999999999,-40.35,11.440999999999999,28.32707128222129,0.04416531826674941,-1,20.943548,20.439537,20.943548,1.1660947
276,276,4689.4292,6148.2812,2.955,1.68,-74.83,4.0169999999999995,0.5377609622366116,0.007296031313555135,-1,0.82812005,1.2374173,0.6947883,1.5516299
277,277,4099.6792,6247.5479,12.409,4.622,50.32,18.89,6.032171111904432,0.02312146970257301,258,6.5702095,7.9555697,6.5702095,1.1751385
278,278,4667.438,6180.9971,3.716,2.3819999999999997,88.43999999999998,5.39,0.8099682605706995,0.00951286191537135,-1,0.24436358,1.6157328,-0.1868618,1.5562778
279,279,4008.0659,6259.585,8.615,8.048999999999998,70.54,11.376,27.39045097207881,0.02624833436659045,264,35.36325,36.133793,35.36325,1.1579367
280,280,5249.2275,6233.5117,2.929,2.113,-9.71,4.8389999999999995,0.4991607806027143,0.008086989980743925,-1,0.06947489,1.7649972,-0.07862655,0.9146433
281,281,4046.8955,6311.8262,8.737999999999998,6.346,-59.97,14.671,4.921768058246342,0.022061121118494818,266,9.9888735,9.235465,9.9888735,1.0557002
282,282,5272.6006,6278.0732,4.232,2.589,-2.05,5.885,0.9479160171508728,0.010856837558134904,-1,0.12259822,3.013953,0.033839907,0.9146433
283,283,4019.6001,6293.6875,4.746,2.6039999999999996,-14.56,-13.936000000000005,1.3939194131847847,0.010056886780715821,-1,17.50347,17.34421,17.50347,1.1454815
284,284,3894.1492,6337.7017,8.617,4.355,-37.19,12.742,3.2165626108735,0.0177219952392395,251,3.1846483,4.2166524,3.1846483,0.90286475
285,285,3899.4878,6348.376,6.912000000000001,4.468,-23.41,10.544,2.773708869473257,0.01681934902803257,251,3.4666624,3.7831135,3.4666624,0.91602695
286,286,4144.3135,6348.646,3.972,3.1630000000000003,77.95,6.172000000000001,1.3687696186120146,0.01189307832543544,272,2.558495,3.5483294,2.535785,1.0804493
287,287,3456.0771,6456.5605,11.597000000000001,5.416,-86.45,13.267000000000001,9.812224068753792,0.027755072915193142,-1,6.401769,7.159109,6.401769,0.61993855
288,288,4106.7515,6408.9956,4.751,4.418,-58.31,13.147,1.5495105949584824,0.014539851281065743,-1,1.0287105,3.4653451,1.0110369,0.8377798
289,289,4065.0085,6384.8955,2.7910000000000004,2.249,83.53,6.341,0.4659808163459306,0.008039835653408295,-1,1.6019099,3.1493719,1.4994711,1.0540968
290,290,3671.8467,6442.2046,5.859,4.173,-12.97,16.14,3.577698409054395,0.019382113622136692,-1,0.04469179,3.4620101,-0.012274148,0.60365856
291,291,4122.9624,6415.2485,3.6660000000000004,3.386,60.94,10.554,0.8775588825879888,0.011235481394681135,-1,0.48876274,2.7211158,0.46858898,0.82329154
292,292,3548.3906,6468.8408,6.612,4.136,-25.08,11.24,2.88631187796233,0.01759279350690276,-1,0.21166638,3.7997189,0.19333215,0.63571405
293,293,3486.3340000000003,6470.7417,4.704,3.109,-2.22,9.978,2.201064757352852,0.014565979796771544,-1,0.00011852844,3.9536855,-0.6084056,0.61993855
294,294,3764.3101,6476.4561,4.9830000000000005,2.928,13.37,10.761,1.1185842486228628,0.012270729383812623,-1,0.3971138,2.6080213,0.3523829,0.8230285
295,295,3728.8906,6506.0264,3.2889999999999997,2.957,5.87,8.958999999999998,1.033999548619788,0.010536934560865392,-1,0.020189065,2.3656127,-0.18037686,0.7561428
296,296,4521.77,6544.71,11.466,3.938,-26.19,12.647,4.4927842185760065,0.02114591143134328,-1,0.2510478,3.8208802,0.2357494,0.8508309
297,297,3680.9775,6529.9888,3.1289999999999996,2.293,-37.99,8.184,0.5771206630980698,0.00867671427019575,-1,0.03949377,1.2541087,-0.53392893,0.55680615
298,298,4023.4517,6635.2505,3.525,3.0780000000000003,-21.06,5.245,1.6425804733303069,0.011503030718416402,-1,0.024639245,1.7695473,-0.10821305,0.67352545
299,299,3780.5659,6809.2568,4.563,3.937,30.04,8.564999999999998,2.609646566366832,0.014977824595272115,-1,0.008015119,3.667378,-0.2388417,0.5150165
300,300,4155.1387,6974.0249,6.952000000000001,4.955,-48.5,12.187000000000001,3.369348535396068,0.01896567392998644,-1,0.12654668,3.2549496,-0.056127608,0.53144705
301,301,4549.3716,7154.0225,3.705,3.158,-13.47,7.412000000000001,1.1360580229628972,0.011336551483678951,-1,0.15451556,1.9732586,0.064641446,0.53079003
302,302,4528.6309,7197.9194,2.805,2.3569999999999998,-36.06,5.0969999999999995,0.5815705057072929,0.008454765971315689,-1,0.34372312,1.1699339,0.34372312,0.5110575
303,303,2814.5024,7361.8867,10.825,4.04,88.79999999999998,16.64,4.324662067753492,0.0209653224466988,-1,4.948822,4.5577006,4.948822,0.4880678
304,304,2717.1328,7369.690899999999,10.334000000000001,4.529,74.12999999999998,18.814,4.473386387430466,0.02194015153787844,-1,4.4310904,4.8605537,4.4310904,0.5496083
305,305,2795.3125,7400.0728,8.675,5.646,-59.65,12.677,5.437155226955095,0.02315432802427432,278,4.586977,5.0356317,4.586977,0.4988212
306,306,2824.3101,7399.2397,6.042000000000001,4.441,7.679999999999999,9.923,5.025283192947224,0.019479959378496968,-1,1.2614192,5.1770616,1.260629,0.46209115
307,307,2811.6833,7389.446299999999,4.0280000000000005,3.077,65.39,16.468,1.3350696318788935,0.010464514468409809,-1,4.293481,5.191556,4.293481,0.48693332
308,308,569.6481,7476.582999999999,3.346,2.593,6.12,5.792000000000001,1.076399083520993,0.009788652176474484,-1,0.0,1.3476478,-0.14576508,0.0
309,309,605.5397,7569.7969,4.907,1.68,46.89,6.468999999999999,0.7555239543540874,0.009228830716900352,-1,0.00076394633,1.56177,-0.07222204,0.0
310,310,3059.2241,7754.6099,3.7119999999999997,3.035,38.76,5.9670000000000005,1.2975663383370843,0.011436734222277879,-1,0.040194787,2.4429827,-0.048462052,0.47641858
311,311,770.8631,7816.1816,3.258,2.247,-34.45,4.178,0.8155620823426841,0.008893122339753659,-1,0.042357046,0.73828757,0.018830085,0.0
312,312,825.4113,7848.3418,3.092,1.626,-21.86,4.74,0.4526774131677079,0.007296031313555135,-1,0.013150956,0.2935113,-0.047196895,0.5006356
313,313,772.9738,7878.8818,3.906,2.479,64.54,5.462999999999999,1.0679121480227407,0.010094621136787241,-1,0.0029767908,0.9412058,-0.15422146,0.0
314,314,970.7416,7917.248499999999,2.472,1.755,21.81,3.83,0.34483218423321305,0.006754812584026547,-1,0.012317804,0.56473047,-0.04676937,0.9935792
315,315,1174.5410000000002,7966.9595,2.9810000000000003,1.969,-51.08,4.954,0.45067674551588394,0.007799786284955722,-1,0.039864816,1.0537183,0.025929587,0.79216605
316,316,900.3722,8093.0522,3.403,2.302,-79.87999999999998,4.33,0.4315039148031716,0.007602291078800593,-1,0.08750133,1.0142092,0.082614936,0.0
317,317,987.4561000000003,8199.8037,3.2110000000000003,1.655,-10.58,5.602,0.4395650978229088,0.007399526241266736,-1,0.0854131,1.459284,0.08185878,0.0
318,318,7096.9824,8516.5771,3.222,2.622,-78.51999999999998,5.737,0.6366586241737103,0.008850265951181742,-1,0.07927449,1.5393046,0.021834284,0.0
319,319,7017.9443,8520.916,3.696,1.3980000000000001,-18.25,4.595,0.46768593481539295,0.00734796151887922,-1,0.04847418,1.1826601,0.036803067,0.0
320,320,4346.0957,8514.7002,3.3,1.8130000000000002,-22.85,4.73,0.950952336931614,0.011336551483678951,-1,0.16949745,1.1950638,0.16872902,0.0
321,321,2780.5254,8507.2383,4.272,2.2119999999999997,-30.9,5.621,0.6481196770683061,0.009310871093383456,-1,0.029594393,1.16203,-0.025200993,0.18152726
322,322,6618.9424,8506.6836,4.428999999999999,2.226,22.53,6.235,0.9575125799301076,0.010354931086971202,-1,0.009456023,0.72243583,-0.062029094,0.6308144
323,323,4505.0547,8516.7207,2.279,2.135,16.059999999999995,4.481,0.4412071353432225,0.007191047218589958,-1,0.01657032,1.9349663,-0.060325,0.0
324,324,3192.0498,8503.7529,2.878,1.995,-75.82,5.121,0.5652808609391576,0.007848383215613104,-1,0.031413168,0.9693565,-0.04695486,0.3835933
325,325,2194.2065,8490.6904,5.247000000000001,2.048,-76.73999999999998,5.375,0.6996256234739551,0.009062535980760691,-1,0.13516462,1.0027198,0.07800633,1.1671913
326,326,7064.5303,8489.4121,2.897,2.125,24.79,4.508,0.9529238362336924,0.010500781621346442,-1,0.15747692,1.2809111,0.15741682,1.2863189
327,327,2307.1851,8487.5137,3.1319999999999997,2.057,-52.83,4.775,0.6807204035845106,0.008454765971315689,-1,0.031076562,0.9672313,0.0018829344,1.2597042
328,328,2637.1445,8540.873999999998,3.365,1.7209999999999999,-17.87,5.896,0.5124295683297329,0.00734796151887922,-1,0.011624781,1.1838692,-0.04308798,0.0
329,329,4165.082,8470.9297,2.309,1.8869999999999998,-46.48,4.025,0.3936187091639408,0.0068108702865525795,-1,0.14298646,0.6935316,0.13693465,1.0131313
330,330,6669.9727,8451.6953,2.944,1.8940000000000001,-20.6,4.148,0.8544670380888321,0.010572955715671637,-1,0.025067348,0.51564413,-0.083720684,1.1807439
331,331,6703.2393,8442.4434,2.782,2.309,26.07,4.843,0.8544898807723679,0.009980978786197294,-1,0.003176489,0.8398919,-0.0655258,1.1601056
332,332,3102.1978,8438.8906,2.356,1.8319999999999999,-9.6,4.228,0.3527580682812389,0.006754812584026547,-1,0.04919861,0.7566528,-0.035657488,1.094495
333,333,7550.6943,8522.2021,3.179,2.01,-50.15,4.551,2.570154202227916,0.017743441004820483,-1,0.13137878,1.3170764,0.12636773,0.0
334,334,3719.3027,8542.7412,2.772,2.622,89.11,7.456,0.7287169230908046,0.008850265951181742,-1,0.015584758,1.2002658,-0.042779803,0.0
335,335,3300.5042,8550.9902,2.764,2.256,-71.98,4.939,0.5518563036817208,0.007848383215613104,-1,0.0001066318,1.243993,-0.120954365,0.0
336,336,5390.4819,8553.001,3.804,1.288,12.33,4.452,0.4632656998382909,0.0070845071854501,-1,0.00907154,0.2677528,-0.0824502,0.0
337,337,7451.112299999999,8549.3076,2.503,1.9140000000000001,-23.81,6.515,0.4327060549524737,0.007137975757653839,-1,0.013856237,1.2827873,-0.042059664,0.0
338,338,5603.6621,8457.0752,4.115,2.244,-23.79,7.275,0.6887974886262476,0.009310871093383456,-1,0.106604934,0.94926083,0.09337837,1.134066
339,339,6715.6396,8551.5986,3.218,2.0669999999999997,14.3,3.306,1.2594840706241208,0.012177408235921908,-1,0.10028581,0.85450816,0.087965816,0.0
340,340,5862.2773,8536.0166,3.362,2.0340000000000003,-49.9,5.9910000000000005,1.0925145967554064,0.011064978333382406,-1,0.1333756,1.6027181,0.1309352,0.0
341,341,5781.1396,8544.666,2.641,1.837,6.36,5.468999999999999,0.6024035602306728,0.008807198707069494,-1,0.059244387,1.0641712,0.026151652,0.0
342,342,2742.3279,8549.4062,3.435,1.9780000000000002,6.02,6.005,0.8906652236924787,0.010996037357342258,-1,0.05014592,1.27357,0.035442565,0.0
343,343,6794.2231,8550.8135,2.3409999999999997,2.065,36.47,3.659,0.5237512808547613,0.007296031313555135,-1,0.03590158,0.8982765,-0.030050896,0.0
344,344,5020.4893,8519.4297,3.563,2.92,11.69,6.723,1.4056122314607926,0.012963846687464892,-1,0.07628734,0.00011168652,-0.029260771,0.0
345,345,1148.1447,8331.9443,2.98,1.8159999999999998,-59.47,5.207000000000001,0.6089188207138959,0.007701671687781522,-1,0.03487371,0.93933606,0.027605182,0.0
346,346,6258.1831,8544.5107,4.534,1.534,-21.44,5.593,0.5655191276997296,0.008409673635451531,-1,0.0526149,1.4198093,-0.012127775,0.0
347,347,3440.9106,8531.0059,2.839,1.605,-26.28,5.095,0.4293398341075925,0.006866470256843146,-1,0.025317583,2.199828,-0.03190414,0.0
348,348,2341.5044,8550.8799,4.409,1.8159999999999998,-34.86,5.127999999999999,0.6181681747033884,0.008632780761238652,-1,0.031876236,0.89607847,-0.009906683,0.0
349,349,3388.0429999999997,8546.1562,2.326,2.001,-76.87,4.205,0.6318523478448556,0.00858862321826995,-1,0.00073029427,1.4215621,-0.11313659,0.0
350,350,7594.737299999999,8541.003899999998,5.194,2.029,-51.67,5.808,1.349855876644482,0.011503030718416402,-1,0.0,1.4905689,-0.12169476,0.0
351,351,2732.8721,8526.417,3.595,1.973,15.44,4.954,0.9132566377092542,0.0112692709950189,-1,0.014061111,1.0974789,-0.07209177,0.0
352,352,3313.2632,8550.6211,4.124,1.835,29.83,4.015,0.6390716022633531,0.008544237248465893,-1,0.00041901766,1.1041385,-0.092998564,0.0
353,353,2891.7903,8550.7559,3.463,2.9210000000000003,-59.02,7.666,1.668227535552353,0.015129368229236244,-1,0.03636912,1.685338,-0.022490297,0.0
354,354,1762.8917,8540.2979,3.498,1.754,72.51,3.9389999999999996,0.8663820453904617,0.010996037357342258,-1,0.009510453,1.5512179,-0.1081783,0.0
